provider,instance,bench_key,bench_name,unit,avg,min,max,1st_quartile,2nd_quartile,3rd_quartile,iqr,5_percentile,95_percentile,std,cpr,bdth,dis,speed,pqi
aws,a1.large-1,09b85683be2ff3589454eceefca9a640e3fb6508,CPU DUR,s,0.3496433831319562,0.2588950634002686,0.7746523380279541,0.2668935298919678,0.2778319358825684,0.4196475982666016,0.1527540683746338,0.2635512828826904,0.5463004589080811,0.09823873475254036,0.02034924489827985,0.12420636225349113,0.2809683794744225,0.19786691611436594,0.20101388594742653
aws,a1.large-2,09b85683be2ff3589454eceefca9a640e3fb6508,CPU DUR,s,0.3400078101458003,0.2597354412078857,0.6438236713409424,0.2664375066757202,0.27466521263122556,0.41522789001464844,0.14879038333892824,0.26308407783508303,0.53205406665802,0.09408591627734728,0.019788454550485574,0.12345717457140772,0.27671692669942455,0.19744154597675603,0.19920521574919609
aws,a1.xlarge-1,09b85683be2ff3589454eceefca9a640e3fb6508,CPU DUR,s,0.3183822682988629,0.25814113616943357,0.9234545707702637,0.2659821748733521,0.27747397422790526,0.3363690137863159,0.07038683891296382,0.2627427339553833,0.4871016263961792,0.08490819711922358,0.03705969602998764,0.0833707338938729,0.2666863251301449,0.15232370561183287,0.16746025487861688
aws,m5.large-1,09b85683be2ff3589454eceefca9a640e3fb6508,CPU DUR,s,0.17007838442058068,0.09569010734558106,0.5274240493774414,0.09872136116027833,0.10178794860839843,0.23886897563934328,0.14014761447906496,0.09785611629486084,0.3703486919403076,0.09008927921985822,0.019559014208366778,0.2352642229575461,0.5296927033189573,0.37769353866697225,0.38088348831449187
aws,m5.large-2,09b85683be2ff3589454eceefca9a640e3fb6508,CPU DUR,s,0.17383012383551544,0.09633073806762696,0.5668768405914306,0.09857518672943116,0.10141229629516602,0.2406384229660034,0.14206323623657224,0.0977630615234375,0.374273419380188,0.09303674759013247,0.019990464241084274,0.23546070275260667,0.5352164834109382,0.3780766852149643,0.38291795712616966
aws,m5.xlarge-1,09b85683be2ff3589454eceefca9a640e3fb6508,CPU DUR,s,0.12328568921871162,0.09298968315124512,0.27878479957580565,0.09828121662139892,0.09972906112670898,0.1485600471496582,0.05027883052825928,0.09758329391479492,0.18761391639709474,0.031700171827000447,0.028355708520303672,0.11388079705136109,0.25712774960249946,0.18594568355154556,0.1856514100684687
aws,a1.large-1,11d4515d916b810e82d25d90d9cc29181d2832ce,MEM SPEED,MiB/s,20957.497538018906,11900.949999999999,21373.670000000002,20958.325,21117.563333333335,21178.35,220.02499999999782,20349.373333333333,21234.841666666667,643.1542027957915,2.7770491154499543e-06,0.006545453312526723,0.03068850188955281,0.02250915423213981,0.019914369811406447
aws,a1.large-2,11d4515d916b810e82d25d90d9cc29181d2832ce,MEM SPEED,MiB/s,20970.07530620633,16120.176666666666,21439.343333333334,20894.925000000003,21116.346666666668,21207.618333333332,312.69333333332906,20340.821666666667,21262.62333333333,432.5230631221143,2.775383452379642e-06,0.0063164264597042755,0.02062572770037236,0.014085776500175111,0.013675976886750582
aws,a1.xlarge-1,11d4515d916b810e82d25d90d9cc29181d2832ce,MEM SPEED,MiB/s,36603.57509247842,30684.440000000002,40986.98,36205.013333333336,36617.91333333333,37008.79833333333,803.7849999999962,35398.104999999996,37824.71333333333,817.1480533727615,3.180017244378917e-06,0.007760439869950954,0.02232426890838527,0.015264984838455408,0.015116564538930545
aws,m5.large-1,11d4515d916b810e82d25d90d9cc29181d2832ce,MEM SPEED,MiB/s,15614.801989313604,14115.086666666668,17325.329999999998,15606.933333333332,15616.97,15635.808333333334,28.87500000000182,15546.393333333333,15648.201666666664,129.66012368774324,7.364806808226146e-06,0.0012167517149995267,0.008303667492964658,0.005824314066209018,0.005114911091391067
aws,m5.large-2,11d4515d916b810e82d25d90d9cc29181d2832ce,MEM SPEED,MiB/s,15610.346300863132,13418.936666666666,16025.326666666668,15605.956666666667,15617.839999999998,15637.233333333334,31.276666666666642,15551.896666666667,15648.45,136.71201942352823,7.366908957916032e-06,0.0011732243265896373,0.00875778261344331,0.0062337872803075525,0.0053882647401135
aws,m5.xlarge-1,11d4515d916b810e82d25d90d9cc29181d2832ce,MEM SPEED,MiB/s,29470.99681052199,27792.319999999996,34078.526666666665,29178.61,29451.210000000003,29741.63166666666,563.0216666666602,28720.361666666664,30158.498333333337,509.46089676331854,7.804283020311123e-06,0.006124260606897743,0.017286856635314977,0.012418929849084272,0.011943349030432331
aws,a1.large-1,277604812f42491cbabe59d60001aaffc925c2b5,CPU BZIP2,seconds,9.609303740238389,9.388,10.041666666666666,9.569,9.588333333333333,9.621833333333333,0.05283333333333218,9.5445,9.737666666666666,0.06779517648360597,0.5592614776818743,0.002588883611975557,0.007055160115265969,0.003113615586295107,0.004252553104512211
aws,a1.large-2,277604812f42491cbabe59d60001aaffc925c2b5,CPU BZIP2,seconds,9.590834360871352,9.378666666666666,9.903,9.555499999999999,9.571333333333333,9.606333333333334,0.05083333333333506,9.5395,9.716333333333333,0.0609810566082684,0.5581865598027127,0.002264164086141323,0.006358263975140544,0.002839189933662979,0.0038205393316482813
aws,a1.xlarge-1,277604812f42491cbabe59d60001aaffc925c2b5,CPU BZIP2,seconds,9.660639950678176,9.366666666666667,11.546333333333335,9.543,9.557,9.582333333333333,0.03933333333333344,9.5295,10.748833333333334,0.3637068819711743,1.1244984902589397,0.009169930662890027,0.037648321832514015,0.019894264133464686,0.02223750554295624
aws,m5.large-1,277604812f42491cbabe59d60001aaffc925c2b5,CPU BZIP2,seconds,5.131251130291821,4.6066666666666665,10.123666666666667,5.058666666666666,5.1419999999999995,5.153666666666666,0.09499999999999975,5.046166666666666,5.192666666666667,0.19069106389356066,0.5900938799835594,0.005331439369563563,0.03716268392475186,0.026427729307545535,0.022973950867286985
aws,m5.large-2,277604812f42491cbabe59d60001aaffc925c2b5,CPU BZIP2,seconds,5.12482120838471,4.931333333333334,6.000333333333334,5.058,5.140666666666667,5.152,0.0940000000000003,5.046666666666667,5.195,0.0721648144840125,0.5893544389642418,0.004782921816202817,0.014081430658682061,0.00962827697295044,0.00949754314927844
aws,m5.xlarge-1,277604812f42491cbabe59d60001aaffc925c2b5,CPU BZIP2,seconds,4.893806822852445,4.414666666666666,5.213333333333334,4.869666666666667,4.890333333333333,4.916499999999999,0.04683333333333195,4.836666666666666,4.966333333333333,0.061683122729479886,1.1255755692560625,0.0036909238696949463,0.012604323170551048,0.008594167767462774,0.008296471602569588
aws,a1.large-1,4b7ccf0064e0a3ebfe54a6a139b35958a896593b,NET 5,MiB/s,13.28400328812166,0.0033333333333333335,15.34,13.128333333333334,13.523333333333333,13.896666666666667,0.7683333333333326,10.476666666666667,14.726666666666667,1.4363949798926408,0.004381209394312744,0.03072410826785459,0.10812967662971311,0.06559109191142228,0.06814829226966332
aws,a1.large-2,4b7ccf0064e0a3ebfe54a6a139b35958a896593b,NET 5,MiB/s,13.473216193999178,5.3,15.656666666666666,13.206666666666669,13.576666666666666,13.976666666666667,0.7699999999999978,11.583333333333332,14.86,1.1237992784403392,0.004319681296728664,0.02520622224791623,0.083409874988933,0.046179507157336146,0.051598534798061785
aws,a1.xlarge-1,4b7ccf0064e0a3ebfe54a6a139b35958a896593b,NET 5,MiB/s,13.367291409782162,3.3433333333333333,15.343333333333334,13.223333333333334,13.573333333333332,13.979999999999999,0.7566666666666642,10.693333333333333,14.743333333333334,1.350621335000484,0.00870782243251005,0.02917005674133322,0.10103926768680314,0.051432950843125214,0.06054742509042052
aws,m5.large-1,4b7ccf0064e0a3ebfe54a6a139b35958a896593b,NET 5,MiB/s,13.31298808055898,1.486666666666667,15.353333333333333,13.233333333333333,13.603333333333333,13.973333333333333,0.7400000000000002,10.265,14.773333333333333,1.5156917831846888,0.008638180948117503,0.03281429487048567,0.11385060769325413,0.0576503445499973,0.0681050823712457
aws,m5.large-2,4b7ccf0064e0a3ebfe54a6a139b35958a896593b,NET 5,MiB/s,13.380863131935882,0.5866666666666666,15.613333333333332,13.335,13.68,14.088333333333335,0.7533333333333339,9.988333333333333,14.86,1.6482721868542562,0.008594363372982377,0.03323293013113709,0.12318130531657204,0.06428944890300238,0.07356789478357051
aws,m5.xlarge-1,4b7ccf0064e0a3ebfe54a6a139b35958a896593b,NET 5,MiB/s,13.3488532675709,1.4000000000000001,15.416666666666666,13.266666666666666,13.643333333333333,14.063333333333333,0.7966666666666669,9.918333333333333,14.808333333333334,1.586267392004526,0.0172299444296651,0.03362456622199007,0.11883173484707725,0.06344419049562598,0.07196683052156443
aws,m5.large-1,4edcdef29160f30a36d7e070b8267674e810f5f0,DISK SEEK,us,277.0490111248455,274.1666666666667,360.8,276.7,276.8,277.03333333333336,0.33333333333337123,276.46666666666664,278.03333333333336,3.0131878697863272,31.860636279357234,0.0009380985253448812,0.010876010196002853,0.007717148622590164,0.006510419114645966
aws,m5.large-2,4edcdef29160f30a36d7e070b8267674e810f5f0,DISK SEEK,us,277.1559950556242,274.46666666666664,358.6333333333334,276.7,276.8333333333333,277.06666666666666,0.36666666666667425,276.43333333333334,278.4666666666667,3.090155369183903,31.872939431396784,0.001184208169897309,0.011149516605490422,0.007809607066906618,0.006714443947431449
aws,m5.xlarge-1,4edcdef29160f30a36d7e070b8267674e810f5f0,DISK SEEK,us,277.17704985578905,274.4666666666667,373.8,276.7,276.8,277.09999999999997,0.39999999999997726,276.43333333333334,278.73333333333335,3.535039811288667,63.750721466831486,0.0012730787112541918,0.012753724787560492,0.008957661626451051,0.0076614883750885775
aws,a1.large-1,4f1601a2fee6f318db2255d8d70480bcd32114bb,CPU LAT,ms,0.051335799424578714,0.05000000000000001,0.07,0.05000000000000001,0.05000000000000001,0.05333333333333334,0.003333333333333327,0.05000000000000001,0.056666666666666664,0.0026365572704009116,0.002987743526510481,0.01822419711354774,0.05135903794143649,0.038693639252945736,0.036092291435976656
aws,a1.large-2,4f1601a2fee6f318db2255d8d70480bcd32114bb,CPU LAT,ms,0.051302918207973704,0.05000000000000001,0.06666666666666667,0.05000000000000001,0.05000000000000001,0.05333333333333334,0.003333333333333327,0.05000000000000001,0.05333333333333334,0.0020723950823930163,0.00298582983970407,0.016659649574795817,0.04039526706827598,0.03038801282469251,0.029147643155921433
aws,a1.xlarge-1,4f1601a2fee6f318db2255d8d70480bcd32114bb,CPU LAT,ms,0.050990546650226065,0.05000000000000001,0.06,0.05000000000000001,0.05000000000000001,0.05333333333333334,0.003333333333333327,0.05000000000000001,0.05333333333333334,0.0017426446530132453,0.0059352996300863145,0.0142521825782163,0.034175837826706634,0.024524301399456924,0.02431744060145995
aws,m5.large-1,4f1601a2fee6f318db2255d8d70480bcd32114bb,CPU LAT,ms,0.13143033292231812,0.12,0.17333333333333334,0.13,0.13,0.13333333333333333,0.003333333333333327,0.13,0.1366666666666667,0.0029272693655365257,0.015114488286066584,0.0074608572507050865,0.022272403184633853,0.015601123230134798,0.01511146122182458
aws,m5.large-2,4f1601a2fee6f318db2255d8d70480bcd32114bb,CPU LAT,ms,0.1315330867242088,0.13,0.15333333333333332,0.13,0.13,0.13333333333333333,0.003333333333333327,0.13,0.1366666666666667,0.0023986953345740865,0.015126304973284013,0.007343984589126041,0.018236440688140593,0.012903561505526248,0.012827995594264292
aws,m5.xlarge-1,4f1601a2fee6f318db2255d8d70480bcd32114bb,CPU LAT,ms,0.13234689683518291,0.12,0.14,0.13,0.13,0.13333333333333333,0.003333333333333327,0.13,0.14,0.0030876020326202126,0.03043978627209207,0.009435441254183621,0.0233296141160403,0.01680836449829337,0.016524473289505764
aws,a1.large-1,4f9036957f18874f519316848e75bed92f7ec50a,NET 2,MiB/s,139.266358405261,53.589999999999996,164.03,131.1483333333333,148.25333333333333,153.97166666666666,22.823333333333352,98.95166666666665,157.995,21.00681070629862,0.0004179042280307188,0.05958097680638543,0.1508390895464461,0.10590920417915171,0.10544309017732774
aws,a1.large-2,4f9036957f18874f519316848e75bed92f7ec50a,NET 2,MiB/s,147.5676572133169,50.19,171.84666666666666,139.88166666666666,158.13,163.66666666666669,23.785000000000025,102.975,168.04333333333332,23.330015021948178,0.00039439536480455746,0.06199664011374074,0.15809707535183948,0.10511575526364798,0.10840315690974273
aws,a1.xlarge-1,4f9036957f18874f519316848e75bed92f7ec50a,NET 2,MiB/s,146.81118783394984,49.71333333333333,174.87,136.72,156.97,162.98833333333334,26.268333333333345,102.39333333333335,167.33666666666667,23.26192898868345,0.000792855106735147,0.062219768658090695,0.1584479311957734,0.10929269875580407,0.10998679953655605
aws,m5.large-1,4f9036957f18874f519316848e75bed92f7ec50a,NET 2,MiB/s,136.81022194821207,42.080000000000005,164.21333333333334,123.62833333333333,145.87,154.3033333333333,30.674999999999983,93.61333333333332,159.24333333333334,23.222002250834958,0.0008405804651317058,0.06844746458449094,0.16973879524605537,0.11465465884667826,0.11761363955907485
aws,m5.large-2,4f9036957f18874f519316848e75bed92f7ec50a,NET 2,MiB/s,147.68081586518701,53.31,174.05000000000004,136.5716666666667,158.6866666666667,164.865,28.293333333333322,100.08833333333334,169.17666666666668,24.022377670111027,0.0007787064238931327,0.06501589978658207,0.16266417225132523,0.10769038145814067,0.11179015116534932
aws,m5.xlarge-1,4f9036957f18874f519316848e75bed92f7ec50a,NET 2,MiB/s,146.7432716810522,5.18,173.22333333333336,133.83166666666665,157.70000000000002,164.445,30.613333333333344,102.50166666666667,168.70666666666665,24.643532805006277,0.001567363173555971,0.06602766188409602,0.16793637297776223,0.11272573866094807,0.11556325784093543
aws,a1.large-1,4fbaaef78c368efc3613e57f57b559876121c0ef,MEM LAT,ms,0.0917016029593095,0.09000000000000001,0.16666666666666666,0.09000000000000001,0.09000000000000001,0.09333333333333334,0.003333333333333327,0.09000000000000001,0.09666666666666668,0.005180766519987122,0.005337033292231813,0.013384936549630966,0.056495921039526095,0.04163672537437027,0.03717252765450911
aws,a1.large-2,4fbaaef78c368efc3613e57f57b559876121c0ef,MEM LAT,ms,0.09212083847102344,0.09000000000000001,0.12666666666666668,0.09000000000000001,0.09000000000000001,0.09333333333333334,0.003333333333333327,0.09000000000000001,0.10000000000000002,0.0038234246685349025,0.005361432799013564,0.014818333313803063,0.04150444928633122,0.028782996066785565,0.028368592888973282
aws,a1.xlarge-1,4fbaaef78c368efc3613e57f57b559876121c0ef,MEM LAT,ms,0.10906288532675709,0.09333333333333334,0.13333333333333333,0.10666666666666667,0.11,0.11,0.003333333333333327,0.10333333333333335,0.11,0.0024284023445859328,0.012694919852034527,0.007659427548056168,0.022266074634925852,0.015253272829696435,0.015059591670892818
aws,m5.large-1,4fbaaef78c368efc3613e57f57b559876121c0ef,MEM LAT,ms,0.12982737361282368,0.11,0.14666666666666667,0.13,0.13,0.13,0.0,0.13,0.13,0.0017909424127948892,0.014930147965474724,0.0018301477800518736,0.013794798145851031,0.009610984904581402,0.008411976943494768
aws,m5.large-2,4fbaaef78c368efc3613e57f57b559876121c0ef,MEM LAT,ms,0.12990957665433622,0.12,0.15,0.13,0.13,0.13,0.0,0.13,0.13,0.0016785714986188615,0.014939601315248666,0.0012825905950302155,0.01292107588869456,0.009281651675853585,0.00782843938652612
aws,m5.xlarge-1,4fbaaef78c368efc3613e57f57b559876121c0ef,MEM LAT,ms,0.1348581997533909,0.12,0.14333333333333334,0.13333333333333333,0.1366666666666667,0.1366666666666667,0.003333333333333355,0.13,0.14,0.003500504309047845,0.031017385943279907,0.011153330018003622,0.025956925981876218,0.018196611718112442,0.018435622572664095
aws,a1.large-1,5b6cb427d11dfdd876e2dfedeb8039bbb2bf00b8,CPU SHA256,seconds,3.201223592272914,3.1306666666666665,3.473333333333333,3.1609999999999996,3.1666666666666665,3.2231666666666667,0.06216666666666715,3.1544999999999996,3.333666666666667,0.06082114495116135,0.1863112130702836,0.007398411311534656,0.018999342969348004,0.012285373155114798,0.012894375811999152
aws,a1.large-2,5b6cb427d11dfdd876e2dfedeb8039bbb2bf00b8,CPU SHA256,seconds,3.1962803123715577,3.1333333333333333,3.44,3.1581666666666663,3.167666666666667,3.2111666666666667,0.05300000000000038,3.153,3.3164999999999996,0.05652996156292339,0.18602351418002466,0.00695344466517596,0.017686171436252916,0.01179046376866009,0.01214335995669632
aws,a1.xlarge-1,5b6cb427d11dfdd876e2dfedeb8039bbb2bf00b8,CPU SHA256,seconds,3.169270859021784,3.1293333333333333,3.358,3.153,3.155,3.1678333333333333,0.014833333333333254,3.1503333333333337,3.2361666666666666,0.03189890476276011,0.36890312799013564,0.0034572269130170325,0.010065061076100612,0.004710924303473477,0.006077737430863706
aws,m5.large-1,5b6cb427d11dfdd876e2dfedeb8039bbb2bf00b8,CPU SHA256,seconds,2.939258117550349,2.626,3.566333333333334,2.913833333333333,2.9186666666666667,2.9435000000000002,0.029666666666667396,2.9019999999999997,3.0330000000000004,0.058689868338711135,0.33801468351829017,0.006299109806190357,0.019967578889473217,0.014281621820902157,0.013516103505521909
aws,m5.large-2,5b6cb427d11dfdd876e2dfedeb8039bbb2bf00b8,CPU SHA256,seconds,2.9421483764899303,2.830666666666667,4.476333333333334,2.9136666666666664,2.9183333333333334,2.9418333333333333,0.028166666666666895,2.9019999999999997,3.038666666666667,0.08079956259326035,0.338347063296342,0.006897153587543473,0.027462776262037678,0.019467555031636437,0.017942494960405862
aws,m5.xlarge-1,5b6cb427d11dfdd876e2dfedeb8039bbb2bf00b8,CPU SHA256,seconds,2.842259350595972,2.5573333333333337,3.119666666666667,2.8379999999999996,2.843,2.8496666666666663,0.011666666666666714,2.815666666666666,2.862166666666667,0.03118353133936433,0.6537196506370736,0.002210486145074046,0.01097138842478456,0.00783323659682889,0.007005037055562499
aws,a1.large-1,5b6d62d2c3e75fa54f053717e103d742ca2e7ded,DISK FILE W,writes/s,1735.8920961775586,1513.0333333333335,1821.0266666666666,1712.2483333333332,1743.0233333333333,1767.6516666666666,55.40333333333342,1652.1433333333334,1790.7916666666665,42.573084611975105,3.352742957246976e-05,0.009553790692790212,0.02452519065310638,0.015294896068236929,0.016457959138044508
aws,a1.large-2,5b6d62d2c3e75fa54f053717e103d742ca2e7ded,DISK FILE W,writes/s,1675.0668845047267,1311.9333333333332,1934.3500000000001,1640.9633333333334,1684.5866666666668,1720.8049999999998,79.84166666666647,1477.3249999999998,1786.3583333333331,81.83387309281449,3.474488125720915e-05,0.01702774963134132,0.04885409284239454,0.018172945915423025,0.028018262796386292
aws,a1.xlarge-1,5b6d62d2c3e75fa54f053717e103d742ca2e7ded,DISK FILE W,writes/s,1839.5737772297575,1486.58,1991.9000000000003,1762.4499999999998,1883.9066666666668,1919.685,157.23500000000013,1619.4300000000003,1954.0133333333333,107.02893079105918,6.32755268860641e-05,0.024508783618028634,0.058181374466119914,0.014715418090901562,0.03246852539168337
aws,m5.large-1,5b6d62d2c3e75fa54f053717e103d742ca2e7ded,DISK FILE W,writes/s,1843.6329675297986,1557.3033333333333,1955.1066666666666,1808.4033333333332,1849.7066666666667,1888.7816666666668,80.37833333333356,1732.9683333333332,1926.9633333333334,59.08802697722112,6.237684074074861e-05,0.012915519053814911,0.03204977781254938,0.01673572709031538,0.02056700798555989
aws,m5.large-2,5b6d62d2c3e75fa54f053717e103d742ca2e7ded,DISK FILE W,writes/s,1765.0730045211674,1316.3133333333333,2121.72,1724.685,1781.6333333333332,1826.9599999999998,102.27499999999986,1522.3966666666668,1980.8683333333333,121.65214495264352,6.515311248057835e-05,0.024355271662520543,0.06892187724872352,0.03091380742710109,0.04139698544611505
aws,m5.xlarge-1,5b6d62d2c3e75fa54f053717e103d742ca2e7ded,DISK FILE W,writes/s,1736.623645704891,1295.3766666666666,2146.25,1645.6383333333333,1753.6699999999998,1855.8300000000002,210.19166666666683,1439.3183333333332,1967.155,156.42407646543472,0.00013244090080706208,0.03660874234773148,0.09007367649997798,0.034710542920339954,0.05379765392268313
aws,a1.large-1,6157345de84637c53718d2ad44c67ee65c6b3dbd,DISKB THR,MB/s,163.14419235511713,134.0,178.2,157.4,163.8,168.8,11.400000000000006,146.8,174.8,8.568960764019142,0.0003567396372487207,0.021293849432732083,0.05252384801640394,0.03500282703927522,0.036273508162803746
aws,a1.large-2,6157345de84637c53718d2ad44c67ee65c6b3dbd,DISKB THR,MB/s,163.56522811344018,135.6,178.2,157.6,163.8,169.6,12.0,148.2,175.0,8.501103736095134,0.0003558213482858078,0.020962723714804316,0.051973783389946536,0.036837456962852164,0.036591321355867665
aws,a1.xlarge-1,6157345de84637c53718d2ad44c67ee65c6b3dbd,DISKB THR,MB/s,166.02966707768186,134.0,182.6,161.6,167.8,170.4,8.800000000000011,154.1,175.7,7.056820692357687,0.0007010795242126146,0.01694453616540547,0.042503371936871655,0.02632137061468326,0.028589759572320128
aws,m5.large-1,6157345de84637c53718d2ad44c67ee65c6b3dbd,DISKB THR,MB/s,198.29297163995068,154.0,223.0,187.8,203.4,205.3,17.5,171.2,221.7,14.746904673684925,0.0005799499551038582,0.031131459972187588,0.07436927568195172,0.05144419920894457,0.052314978287694616
aws,m5.large-2,6157345de84637c53718d2ad44c67ee65c6b3dbd,DISKB THR,MB/s,198.41060419235512,154.0,222.4,187.8,203.2,205.6,17.799999999999983,172.0,222.0,14.870161887914083,0.0005796061176675305,0.0312960559237543,0.0749464069647092,0.05383687773859216,0.05335978020901855
aws,m5.xlarge-1,6157345de84637c53718d2ad44c67ee65c6b3dbd,DISKB THR,MB/s,203.67363748458692,167.12,224.4,196.8,204.6,214.9,18.099999999999994,181.8,222.0,12.478601574142758,0.0011292575850294093,0.024509305593254496,0.0612676325137419,0.043162340185806856,0.04297975943093442
aws,a1.large-1,6b10bb7744ab058af8c49896ff2de9433f360d05,DISK LAT,ms,0.10073982737361284,0.09666666666666668,0.12,0.10000000000000002,0.10000000000000002,0.10000000000000002,0.0,0.10000000000000002,0.10666666666666667,0.0021148418037614507,0.005863057953144267,0.0063162019981275385,0.02099310529804818,0.014521026991925848,0.013943444762700522
aws,a1.large-2,6b10bb7744ab058af8c49896ff2de9433f360d05,DISK LAT,ms,0.10397451705713112,0.09000000000000001,0.13,0.10000000000000002,0.10333333333333333,0.10666666666666667,0.006666666666666654,0.10000000000000002,0.12,0.006119514538388268,0.006051316892725031,0.022680786534636746,0.05885590730876648,0.02386887214697304,0.03513518866345876
aws,a1.xlarge-1,6b10bb7744ab058af8c49896ff2de9433f360d05,DISK LAT,ms,0.09454582819564325,0.09000000000000001,0.12,0.09000000000000001,0.09000000000000001,0.10000000000000002,0.010000000000000009,0.09000000000000001,0.11,0.006450927140312761,0.011005134401972875,0.029417703679137333,0.06823069048550601,0.017108382163082643,0.03825225877590866
aws,m5.large-1,6b10bb7744ab058af8c49896ff2de9433f360d05,DISK LAT,ms,0.09451294697903824,0.09000000000000001,0.11333333333333334,0.09000000000000001,0.09333333333333334,0.10000000000000002,0.010000000000000009,0.09000000000000001,0.10000000000000002,0.004340505721587429,0.010868988902589399,0.020650068944918963,0.04592498552129686,0.025464100123172337,0.03067971819646272
aws,m5.large-2,6b10bb7744ab058af8c49896ff2de9433f360d05,DISK LAT,ms,0.09998355939169751,0.08,0.13,0.09666666666666668,0.10000000000000002,0.10000000000000002,0.003333333333333341,0.09000000000000001,0.11333333333333333,0.007227424784530784,0.011498109330045215,0.02206414655512113,0.07228613212514756,0.03325385056369487,0.042534709747987856
aws,m5.xlarge-1,6b10bb7744ab058af8c49896ff2de9433f360d05,DISK LAT,ms,0.10164406083025072,0.08333333333333333,0.13333333333333333,0.09333333333333334,0.10000000000000002,0.10666666666666667,0.013333333333333336,0.09000000000000001,0.12,0.010051112653549714,0.023378133990957665,0.03861681499279767,0.09888539056241995,0.039769139002888886,0.059090448186035496
aws,a1.large-1,6b15fec1cbb97aa537c29c8bb0adff3235a505e3,NET 4,MiB/s,141.48245787094123,46.81666666666667,154.98666666666665,142.37666666666667,144.93333333333334,147.06833333333333,4.691666666666663,105.285,149.48000000000002,13.825019683893915,0.0004113584176851763,0.025035240988315662,0.09771543336139205,0.06911963351493655,0.06395676928821475
aws,a1.large-2,6b15fec1cbb97aa537c29c8bb0adff3235a505e3,NET 4,MiB/s,147.3342498972462,0.056666666666666664,160.5533333333333,148.25166666666667,150.82333333333332,153.0983333333333,4.846666666666636,120.84,156.50833333333333,15.56895249899861,0.00039502016700522675,0.02520959538906683,0.10567096591496346,0.07615600034455054,0.06901218721619361
aws,a1.xlarge-1,6b15fec1cbb97aa537c29c8bb0adff3235a505e3,NET 4,MiB/s,147.7928524455405,48.1,160.74666666666667,147.94333333333336,150.92333333333332,153.16166666666666,5.218333333333305,126.76500000000001,156.08166666666668,13.012683860897425,0.0007875888317595853,0.022405488545690928,0.08804677388368568,0.063126940502321,0.05785973431056587
aws,m5.large-1,6b15fec1cbb97aa537c29c8bb0adff3235a505e3,NET 4,MiB/s,141.18602548294288,48.346666666666664,153.42999999999998,142.51833333333332,146.06333333333336,147.96333333333334,5.445000000000022,101.42333333333335,150.16833333333332,14.461669963539109,0.000814528205653707,0.03123100893015738,0.1024298964013706,0.06658956731320358,0.06675015754824384
aws,m5.large-2,6b15fec1cbb97aa537c29c8bb0adff3235a505e3,NET 4,MiB/s,145.47352856555693,0.09000000000000001,161.48333333333335,145.79000000000002,150.88,153.88,8.089999999999975,104.23166666666665,157.04333333333335,16.900880074433093,0.0007905218298748821,0.03514177325587802,0.11617838819945028,0.07840302790176687,0.07657439645236505
aws,m5.xlarge-1,6b15fec1cbb97aa537c29c8bb0adff3235a505e3,NET 4,MiB/s,145.66251952322236,0.7666666666666666,161.33,146.0433333333333,150.89333333333335,153.6783333333333,7.635000000000019,105.65666666666665,157.19833333333332,17.109851386874418,0.0015789923224782069,0.033943950711579504,0.11746227816790349,0.07963061149986787,0.07701228012645028
aws,a1.large-1,76a291182ae2a33c1a8bc6baf134a35afd2e78c6,DISK FILE F,fsyncs/s,5553.713115495273,4840.133333333334,5825.900000000001,5478.046666666667,5576.636666666666,5655.323333333333,177.27666666666573,5285.961666666666,5729.33,136.2386473535443,1.047947540495343e-05,0.00955545229921127,0.024531091995628716,0.015298849994848126,0.016461798096562702
aws,a1.large-2,76a291182ae2a33c1a8bc6baf134a35afd2e78c6,DISK FILE F,fsyncs/s,5359.11186189889,4197.2300000000005,6189.450000000001,5250.223333333333,5389.8133333333335,5505.391666666666,255.16833333333307,4726.431666666667,5715.134999999999,261.8800203465984,1.0860008430459975e-05,0.01703163335053475,0.048866309772046194,0.01818044342513771,0.02802612884923955
aws,a1.xlarge-1,76a291182ae2a33c1a8bc6baf134a35afd2e78c6,DISK FILE F,fsyncs/s,5885.517151664611,4755.900000000001,6373.123333333334,5638.178333333333,6027.366666666666,6142.091666666667,503.91333333333387,5181.0199999999995,6251.883333333334,342.4764947252156,1.9777361445132885e-05,0.02451215009322748,0.058189702943666106,0.014720831185170863,0.032474228074021484
aws,m5.large-1,76a291182ae2a33c1a8bc6baf134a35afd2e78c6,DISK FILE F,fsyncs/s,5900.635663789561,4984.8,6257.063333333333,5787.651666666667,5920.073333333334,6044.531666666668,256.880000000001,5546.879999999999,6167.046666666667,189.07244939014626,1.9489425640312055e-05,0.012912826197468428,0.03204272559148626,0.01672979434287702,0.020561782043943898
aws,m5.large-2,76a291182ae2a33c1a8bc6baf134a35afd2e78c6,DISK FILE F,fsyncs/s,5649.233645704891,4214.083333333333,6790.93,5519.860000000001,5702.113333333334,5847.238333333333,327.3783333333322,4872.676666666666,6339.639999999999,389.28732308919905,2.0356743447393867e-05,0.024351540027915862,0.06890975794303958,0.030908203331879158,0.04138983376761153
aws,m5.xlarge-1,76a291182ae2a33c1a8bc6baf134a35afd2e78c6,DISK FILE F,fsyncs/s,5558.231331689272,4146.126666666666,6869.639999999999,5267.513333333333,5612.93,5939.643333333333,672.1300000000001,4606.455,6296.268333333333,500.55435772716135,4.138006971546789e-05,0.03660165080756147,0.09005640964839647,0.03470097626285,0.053786345572935976
aws,a1.large-1,770e3a2ca8b8a0765a10a2afdb6a476e7e4f8e6c,DISK FILE R,reads/s,2603.8380517879164,2269.5533333333333,2731.5399999999995,2568.3683333333333,2614.536666666667,2651.4766666666665,83.10833333333312,2478.2116666666666,2686.1899999999996,63.859499132476856,2.235162050882434e-05,0.009553805519831732,0.024525142448328516,0.015294821360076538,0.01645792310941226
aws,a1.large-2,770e3a2ca8b8a0765a10a2afdb6a476e7e4f8e6c,DISK FILE R,reads/s,2512.600156185779,1967.8966666666668,2901.5266666666666,2461.4449999999997,2526.883333333333,2581.206666666667,119.76166666666722,2215.9883333333337,2679.538333333333,122.75085889363501,2.3163255743942078e-05,0.017027753620220628,0.04885411576188685,0.01817295072924513,0.028018273370450864
aws,a1.xlarge-1,770e3a2ca8b8a0765a10a2afdb6a476e7e4f8e6c,DISK FILE R,reads/s,2759.3606329634194,2229.8700000000003,2987.85,2643.671666666667,2825.8633333333332,2879.525,235.853333333333,2429.1433333333334,2931.0216666666665,160.5434407651484,4.218368509338051e-05,0.024508800502460213,0.058181391314817935,0.01471542009671283,0.03246853730466366
aws,m5.large-1,770e3a2ca8b8a0765a10a2afdb6a476e7e4f8e6c,DISK FILE R,reads/s,2765.4493629264284,2335.9566666666665,2932.6566666666663,2712.6066666666666,2774.56,2833.1733333333336,120.56666666666706,2599.455,2890.4416666666666,88.6321690180682,4.1584561822642005e-05,0.012915542748068243,0.032049825321797495,0.016735737597813324,0.020567035222559687
aws,m5.large-2,770e3a2ca8b8a0765a10a2afdb6a476e7e4f8e6c,DISK FILE R,reads/s,2647.609506781751,1974.4666666666665,3182.5800000000004,2587.0266666666666,2672.4500000000003,2740.4399999999996,153.41333333333296,2283.595,2971.3,182.47841946773784,4.343540832038557e-05,0.02435528408172982,0.06892195355860685,0.030913811657811124,0.04139701643271593
aws,m5.xlarge-1,770e3a2ca8b8a0765a10a2afdb6a476e7e4f8e6c,DISK FILE R,reads/s,2604.935388409371,1943.0666666666668,3219.373333333333,2468.453333333333,2630.5066666666667,2783.743333333334,315.2900000000009,2158.9766666666665,2950.7333333333336,234.63624144975972,8.829393658797921e-05,0.036608777295360516,0.09007372792959506,0.03471054335610017,0.053797682860351914
aws,a1.large-1,7d7b07646009b4a87b48c9519d7a95a5a994ba93,APPB,req/s,11.896173448417592,11.51,12.12,11.831666666666667,11.913333333333334,11.97,0.13833333333333364,11.721666666666668,12.018333333333334,0.09572653696078878,0.00489232947488183,0.003295011536165828,0.008046834335079585,0.0042133703446386225,0.005185072071961345
aws,a1.large-2,7d7b07646009b4a87b48c9519d7a95a5a994ba93,APPB,req/s,11.907833949856144,10.786666666666667,12.146666666666667,11.843333333333334,11.923333333333332,11.983333333333334,0.14000000000000057,11.729999999999999,12.043333333333331,0.10672532771442363,0.004887538761883987,0.0033948288848936327,0.008962614709261456,0.00469942715356895,0.005685623582574679
aws,a1.xlarge-1,7d7b07646009b4a87b48c9519d7a95a5a994ba93,APPB,req/s,23.74243321002877,14.446666666666667,24.576666666666668,24.058333333333334,24.173333333333332,24.28833333333333,0.22999999999999687,18.221666666666668,24.435000000000002,1.7393994354117808,0.0049026146128456965,0.01737058896918427,0.07326121211018342,0.03870756281380881,0.0431131212977255
aws,m5.large-1,7d7b07646009b4a87b48c9519d7a95a5a994ba93,APPB,req/s,17.120398684751336,15.383333333333335,19.12666666666667,17.126666666666665,17.146666666666665,17.153333333333332,0.026666666666667282,16.963333333333335,17.16333333333333,0.14256976239908428,0.006717133293305097,0.00180963588219685,0.00832747910982162,0.0058451509744691125,0.005327421988829194
aws,m5.large-2,7d7b07646009b4a87b48c9519d7a95a5a994ba93,APPB,req/s,17.11093300452117,14.606666666666667,17.57,17.116666666666664,17.146666666666665,17.153333333333332,0.036666666666668846,16.956666666666667,17.16333333333333,0.15109601696546227,0.006720849176933479,0.0020182461986651937,0.008830378619654383,0.006346561990068894,0.00573172893612949
aws,m5.xlarge-1,7d7b07646009b4a87b48c9519d7a95a5a994ba93,APPB,req/s,34.302203041512534,32.15333333333333,38.32666666666666,34.211666666666666,34.306666666666665,34.35666666666666,0.14499999999999602,33.92333333333333,34.67166666666667,0.37241991711358763,0.006705108698751913,0.0024476115013256877,0.010857026199246882,0.007569394877785216,0.006958010859452595
aws,a1.large-1,817407f47eeb0c43023a5487985867a64960c778,NETB 1,MB/s,249.84902342786683,3.5980000000000003,303.10200000000003,241.05200000000002,251.026,259.842,18.789999999999964,222.43099999999998,276.20399999999995,18.921835673567063,0.0002329406743380878,0.025275100202835157,0.07573307837654979,0.045543917705725696,0.048850698761703545
aws,a1.large-2,817407f47eeb0c43023a5487985867a64960c778,NETB 1,MB/s,256.5170110974106,7.934,304.892,249.13800000000003,256.942,264.66599999999994,15.527999999999906,232.93200000000002,280.426,17.11401644926762,0.00022688553773105887,0.021484485365901952,0.0667168870245751,0.0422745258585795,0.04349196608301885
aws,a1.xlarge-1,817407f47eeb0c43023a5487985867a64960c778,NETB 1,MB/s,256.26833538840935,4.970000000000001,309.14,249.503,257.09,264.274,14.771000000000015,220.738,285.77200000000005,19.851231712656976,0.0004542114023708003,0.024169737881543776,0.077462678651148,0.045709106061945455,0.04911384086487908
aws,m5.large-1,817407f47eeb0c43023a5487985867a64960c778,NETB 1,MB/s,344.63693218249074,11.558000000000002,385.05,334.10799999999995,351.83399999999995,363.726,29.618000000000052,290.756,375.34499999999997,29.210596799311347,0.00033368449304529464,0.02990112894084602,0.08475759290894531,0.049923575203672514,0.05486076568448795
aws,m5.large-2,817407f47eeb0c43023a5487985867a64960c778,NETB 1,MB/s,358.5411072749692,8.988,393.988,351.523,361.916,372.091,20.567999999999984,323.995,382.586,24.38745722899141,0.0003207442540523121,0.020306996712939174,0.06801858067083057,0.042376901150009985,0.04356749284459324
aws,m5.xlarge-1,817407f47eeb0c43023a5487985867a64960c778,NETB 1,MB/s,362.89192848335387,5.558,397.498,356.302,368.002,375.937,19.63499999999999,324.76800000000003,384.68899999999996,23.552470108403167,0.0006337975081486286,0.020065507644336768,0.06490216028456951,0.04346662229730874,0.042811430075405
aws,a1.large-1,83504705835a4243a1c3958b31dcd54d72246b7e,NETB 2,MB/s,103.32148766954377,71.55,127.13,96.774,102.58600000000001,110.25399999999999,13.47999999999999,88.497,120.433,9.864808993375071,0.0005632903795011432,0.038166707192824015,0.09547683851519818,0.04959648654792702,0.06108001075198306
aws,a1.large-2,83504705835a4243a1c3958b31dcd54d72246b7e,NETB 2,MB/s,104.74634032059186,74.96000000000001,128.28799999999998,97.87899999999999,103.26199999999999,111.214,13.335000000000008,91.041,121.676,9.531589222100044,0.0005556280040130299,0.037050006903965746,0.09099687104033599,0.04592307488673352,0.05798998427701175
aws,a1.xlarge-1,83504705835a4243a1c3958b31dcd54d72246b7e,NETB 2,MB/s,105.52368434032059,73.188,128.922,99.30000000000001,104.168,112.711,13.410999999999987,91.16,122.363,9.756456369900231,0.001103069900635791,0.03738988237472113,0.09245750307992506,0.046083389621125584,0.058643591691923916
aws,m5.large-1,83504705835a4243a1c3958b31dcd54d72246b7e,NETB 2,MB/s,101.7339243732018,71.328,127.602,95.93799999999999,100.46200000000002,108.181,12.24300000000001,88.853,115.828,8.63300703915108,0.0011303997236765662,0.0342763482652341,0.08485868497003679,0.04197191084323633,0.053702314692835734
aws,m5.large-2,83504705835a4243a1c3958b31dcd54d72246b7e,NETB 2,MB/s,102.47582490752158,75.30199999999999,121.468,96.249,101.33,109.393,13.144000000000005,89.35000000000001,117.129,8.808038129895888,0.0011222158992501964,0.03502165910884856,0.08595235157018374,0.042474331268077675,0.05448278064903666
aws,m5.xlarge-1,83504705835a4243a1c3958b31dcd54d72246b7e,NETB 2,MB/s,102.25806596794081,71.86399999999999,123.672,96.107,101.024,109.043,12.936000000000007,88.445,117.43299999999999,8.965697660068288,0.0022492113245336353,0.03554752169122057,0.08767716830161004,0.04254175872848305,0.05525548290710455
aws,a1.large-1,871c7e28e1d90a5faead69ee6c87b09f18bc04c6,DISK THR R,MiB/s,40.684804767776406,35.46,42.67666666666667,40.12833333333333,40.85,41.43,1.3016666666666694,38.721666666666664,41.97166666666667,0.9976896216654189,0.0014305095067359437,0.009552773045327421,0.024522413892855133,0.015293718039121287,0.01645630165910128
aws,a1.large-2,871c7e28e1d90a5faead69ee6c87b09f18bc04c6,DISK THR R,MiB/s,39.25940813810111,30.75,45.336666666666666,38.461666666666666,39.48333333333333,40.33,1.8683333333333323,34.623333333333335,41.86833333333333,1.9179544231178394,0.0014824472084569488,0.017026568104302357,0.04885337079894671,0.01817218962633274,0.02801737617652727
aws,a1.xlarge-1,871c7e28e1d90a5faead69ee6c87b09f18bc04c6,DISK THR R,MiB/s,43.11500205507604,34.839999999999996,46.68666666666667,41.30666666666667,44.153333333333336,44.991666666666674,3.6850000000000023,37.95666666666666,45.79666666666667,2.508611770362059,0.0026997563365834497,0.02451002097179519,0.05818419693352917,0.014716677279963914,0.03247029839509609
aws,m5.large-1,871c7e28e1d90a5faead69ee6c87b09f18bc04c6,DISK THR R,MiB/s,43.210250719276615,36.49666666666666,45.82333333333332,42.385,43.35333333333333,44.27,1.8850000000000051,40.614999999999995,45.16333333333333,1.384911214794908,0.002661405524978755,0.012916123616932557,0.03205052485791485,0.01673793092526519,0.020568193133370865
aws,m5.large-2,871c7e28e1d90a5faead69ee6c87b09f18bc04c6,DISK THR R,MiB/s,41.368840937114676,30.850000000000005,49.72666666666667,40.41833333333334,41.76,42.81999999999999,2.4016666666666566,35.67999999999999,46.42666666666667,2.851303068755424,0.002779870003484338,0.024355281872120896,0.06892392931892213,0.03091510754211389,0.041398106244385634
aws,m5.xlarge-1,871c7e28e1d90a5faead69ee6c87b09f18bc04c6,DISK THR R,MiB/s,40.70205096588574,30.36,50.303333333333335,38.57166666666667,41.10333333333333,43.495000000000005,4.923333333333332,33.733333333333334,46.10333333333334,3.666249807898399,0.005650820893344504,0.03660890200363113,0.09007530875953282,0.03470950011921502,0.053797903627459655
aws,a1.large-1,96097006f73de91de5d6d52b169b3c0122d8cc40,NET 3,MiB/s,8.842552404438964,0.4000000000000001,10.546666666666667,9.186666666666667,9.783333333333333,9.983333333333333,0.7966666666666651,3.3666666666666667,10.133333333333333,2.1978645562236445,0.006581810017974401,0.08608963642799053,0.24855544595023446,0.08972003445318541,0.14145503894380346
aws,a1.large-2,96097006f73de91de5d6d52b169b3c0122d8cc40,NET 3,MiB/s,9.110049321824908,0.4000000000000001,10.37,9.281666666666666,9.826666666666666,10.021666666666667,0.7400000000000002,4.395,10.195,1.8017187489281592,0.006388549385849152,0.06447836234340226,0.19777266678587446,0.08044052481698395,0.11423051798208689
aws,a1.xlarge-1,96097006f73de91de5d6d52b169b3c0122d8cc40,NET 3,MiB/s,8.912092067406494,0.4033333333333333,10.326666666666668,9.105,9.796666666666667,10.04,0.9349999999999987,3.4133333333333336,10.196666666666665,2.199401344977035,0.013060906364028794,0.08063229444837768,0.24678844522048146,0.09616231968530564,0.14119435311805492
aws,m5.large-1,96097006f73de91de5d6d52b169b3c0122d8cc40,NET 3,MiB/s,9.150078092889437,0.4033333333333333,10.699999999999998,9.148333333333333,10.116666666666667,10.386666666666667,1.2383333333333333,3.6933333333333334,10.545,2.221776648399981,0.012568198744595084,0.0844643773172002,0.24281504767992446,0.10779975977577873,0.14502639492430114
aws,m5.large-2,96097006f73de91de5d6d52b169b3c0122d8cc40,NET 3,MiB/s,9.126808466913277,0.4033333333333333,10.896666666666667,9.055,10.213333333333333,10.450000000000001,1.3950000000000014,3.436666666666667,10.59,2.3891936549274906,0.012600242507213857,0.09173027472913266,0.26177756042420003,0.11164761815394653,0.15505181776909305
aws,m5.xlarge-1,96097006f73de91de5d6d52b169b3c0122d8cc40,NET 3,MiB/s,9.153201808466914,0.39999999999999997,10.780000000000001,9.24,10.266666666666666,10.456666666666667,1.2166666666666668,3.12,10.611666666666666,2.4324777365443873,0.025127819184238342,0.09272052005229277,0.2657515684068379,0.11453771427839367,0.15766993424584141
aws,a1.large-1,a9877955225656b989fcfeea050078e6b2639ced,CPU TH LAT,ms,107.71808055898069,103.40333333333335,134.08666666666667,105.42999999999999,106.46333333333332,108.25999999999999,2.8299999999999983,104.33833333333332,115.34666666666666,3.741261075080302,6.269192288532676,0.012172102619001859,0.03473196937474008,0.014494669796251485,0.02046624726333114
aws,a1.large-2,a9877955225656b989fcfeea050078e6b2639ced,CPU TH LAT,ms,107.32531442663378,103.06,143.05333333333334,105.415,106.33999999999999,107.77,2.3549999999999898,104.28333333333333,114.81,3.3836940745750415,6.246333299630087,0.010441888823380813,0.03152745549968169,0.014674973748297748,0.018881439357120083
aws,a1.xlarge-1,a9877955225656b989fcfeea050078e6b2639ced,CPU TH LAT,ms,60.78367036580354,58.166666666666664,87.53666666666668,59.14666666666667,59.56,60.665,1.5183333333333309,58.72,65.66666666666666,3.436307201624575,7.075219230579531,0.016904815561771543,0.056533394264355205,0.022806340880108588,0.032081516902078444
aws,m5.large-1,a9877955225656b989fcfeea050078e6b2639ced,CPU TH LAT,ms,115.56381422112618,107.91666666666667,135.56,113.35333333333335,114.56333333333333,117.90333333333334,4.549999999999983,112.34166666666665,119.41000000000001,2.684810477356946,13.289838635429513,0.01017268927467495,0.02323227643057611,0.013917368439262013,0.015774111381504356
aws,m5.large-2,a9877955225656b989fcfeea050078e6b2639ced,CPU TH LAT,ms,115.81109741060419,109.62333333333333,136.79999999999998,113.38,114.61333333333333,118.11666666666667,4.736666666666679,112.295,120.14833333333334,3.022767727405881,13.318276202219483,0.011101866082770808,0.02610084693946698,0.015014636990824386,0.01740578333768739
aws,m5.xlarge-1,a9877955225656b989fcfeea050078e6b2639ced,CPU TH LAT,ms,66.18048910809699,59.19333333333333,72.59333333333335,64.835,65.37,67.63333333333333,2.798333333333332,64.38,68.85166666666667,1.7259043216691123,15.221512494862308,0.011288034875781429,0.02607874835814643,0.014753620277378802,0.017373467837102217
aws,a1.large-1,b08b0f666899016c90c3eb06dc2dc78c86db05fe,NET 1,MiB/s,101.99648581997533,69.74333333333334,126.0,95.36500000000001,100.60333333333334,109.51333333333332,14.148333333333312,88.32333333333334,117.51166666666666,9.445582271047845,0.000570607894302589,0.03807535337635947,0.09260693831863363,0.043158162638270006,0.057946818111087706
aws,a1.large-2,b08b0f666899016c90c3eb06dc2dc78c86db05fe,NET 1,MiB/s,102.97653514180024,65.49666666666667,147.27666666666667,96.55,101.37666666666667,109.71000000000001,13.16000000000001,89.59666666666666,118.76666666666667,9.399173917191627,0.0005651772990794235,0.03697418462246466,0.09127490941745926,0.04306033727608302,0.05710314377200232
aws,a1.xlarge-1,b08b0f666899016c90c3eb06dc2dc78c86db05fe,NET 1,MiB/s,103.46963419646526,58.96,125.45,96.89666666666668,102.45333333333332,111.12333333333333,14.22666666666666,89.72666666666666,119.38666666666667,9.680449631340746,0.0011249677347750443,0.03802541405014941,0.09355836334513155,0.044216551332352395,0.05860010957587779
aws,m5.large-1,b08b0f666899016c90c3eb06dc2dc78c86db05fe,NET 1,MiB/s,98.78334977394164,30.14,118.81,92.95666666666666,97.34666666666668,105.89999999999999,12.943333333333328,86.975,112.53333333333333,8.703617287183505,0.0011641638015229183,0.03532194322054515,0.08810814076563599,0.04150016095306734,0.05497674831308283
aws,m5.large-2,b08b0f666899016c90c3eb06dc2dc78c86db05fe,NET 1,MiB/s,99.13426017262638,59.580000000000005,127.10666666666667,93.35666666666665,98.19666666666667,105.84166666666667,12.485000000000014,86.13833333333332,113.19166666666666,8.68238877949911,0.0011600429538662616,0.035184531066329114,0.08758212109900376,0.042643387057476105,0.05513667974093632
aws,m5.xlarge-1,b08b0f666899016c90c3eb06dc2dc78c86db05fe,NET 1,MiB/s,99.22670982326346,63.19,118.14333333333333,93.32333333333334,97.87666666666667,106.11666666666667,12.793333333333337,86.42166666666667,113.63833333333335,8.578609802699342,0.0023179242807673654,0.03529824873012852,0.08645464329089451,0.04011841274525197,0.053957101588758334
aws,m5.large-1,c0e258974e33e7600e1c07c98746943176e8ff1c,DISK SEQ R,MiB/s,151.79363411619283,146.5666666666667,153.63333333333333,151.5,151.86666666666667,152.16666666666666,0.6666666666666572,150.70000000000002,152.66666666666666,0.628609756287103,0.0007576075286001219,0.0015265626313907522,0.0041412129036051916,0.0020931268305821246,0.0025869674551926894
aws,m5.large-2,c0e258974e33e7600e1c07c98746943176e8ff1c,DISK SEQ R,MiB/s,151.76934487021015,145.26666666666668,153.86666666666665,151.4333333333333,151.73333333333332,152.0,0.5666666666666913,150.98000000000002,153.01999999999998,0.6911070517383281,0.0007577287765084939,0.001472604704324133,0.004553666963044137,0.002382625848745829,0.0028029658387046996
aws,m5.xlarge-1,c0e258974e33e7600e1c07c98746943176e8ff1c,DISK SEQ R,MiB/s,151.51427688504327,130.20000000000002,157.93333333333334,150.5666666666667,151.53333333333333,152.5,1.9333333333333087,149.93333333333334,153.4,1.5588641820894096,0.0015180087627947123,0.003424209422070227,0.010288562993124068,0.005256695476220333,0.006323155963804876
aws,a1.large-1,c5f1a6b81b73cea76082bc1c2fa0af1b06c4733e,DISK THR W,MiB/s,27.123173037402385,23.643333333333334,28.453333333333333,26.75333333333333,27.233333333333334,27.62,0.8666666666666707,25.816666666666663,27.983333333333334,0.6651712561906478,0.00214576664462315,0.009553597897484977,0.02452409440714728,0.015293719585966302,0.016457137296866185
aws,a1.large-2,c5f1a6b81b73cea76082bc1c2fa0af1b06c4733e,DISK THR W,MiB/s,26.172831894780106,20.496666666666666,30.22666666666667,25.64,26.323333333333334,26.886666666666667,1.2466666666666661,23.083333333333336,27.91,1.278696908541759,0.0022236798919572543,0.01702934207478961,0.04885588665691088,0.01817454294886479,0.02801992389352176
aws,a1.xlarge-1,c5f1a6b81b73cea76082bc1c2fa0af1b06c4733e,DISK THR W,MiB/s,28.743304562268804,23.22666666666667,31.123333333333335,27.54,29.436666666666667,29.99666666666667,2.4566666666666706,25.303333333333335,30.531666666666666,1.6723163376967836,0.004049638751446753,0.024508575405095996,0.05818107427675609,0.014715691451589649,0.032468447044480576
aws,m5.large-1,c5f1a6b81b73cea76082bc1c2fa0af1b06c4733e,DISK THR W,MiB/s,28.80678586107686,24.333333333333332,30.55,28.25333333333333,28.903333333333332,29.51166666666667,1.25833333333334,27.07833333333333,30.108333333333334,0.9232232850510623,0.003992114932731376,0.012914575109368444,0.03204881271737097,0.01673657354087387,0.020566653789204428
aws,m5.large-2,c5f1a6b81b73cea76082bc1c2fa0af1b06c4733e,DISK THR W,MiB/s,27.57919441019318,20.566666666666666,33.15,26.946666666666665,27.840000000000003,28.546666666666667,1.6000000000000014,23.788333333333334,30.951666666666668,1.9007007827246762,0.004169809976664742,0.02435440882249479,0.06891792249095512,0.030909953522485073,0.041394094945311655
aws,m5.xlarge-1,c5f1a6b81b73cea76082bc1c2fa0af1b06c4733e,DISK THR W,MiB/s,27.134730785039046,20.24,33.53666666666667,25.713333333333335,27.403333333333336,28.99666666666667,3.283333333333335,22.49,30.736666666666665,2.4441991668748115,0.008476221924663884,0.03660988260736581,0.09007641115873685,0.03470959943815082,0.05379863106808449
aws,a1.large-1,cbadb796cb57922b59801d6993b79d8ce3bcf674,DISKB LAT,MB/s,48.304118372379776,19.939999999999998,58.620000000000005,44.11,50.82,53.29,9.18,35.05,56.269999999999996,6.734028149394304,0.0012048662093640172,0.057355073715584966,0.13940898574074403,0.09749244168747002,0.09808550038126634
aws,a1.large-2,cbadb796cb57922b59801d6993b79d8ce3bcf674,DISKB LAT,MB/s,48.86838471023428,16.279999999999998,62.48,44.47,51.24000000000001,53.55,9.079999999999998,35.25,56.989999999999995,6.872294258489817,0.001190954035929316,0.0561881763569206,0.14062863545089888,0.09796258943924536,0.09825980041568827
aws,a1.xlarge-1,cbadb796cb57922b59801d6993b79d8ce3bcf674,DISKB LAT,MB/s,50.75824907521579,23.06,59.379999999999995,47.08,53.58,55.54,8.46,39.29,57.38,6.07006908188635,0.0022932233109048622,0.05020707956825559,0.11958783434179254,0.08397211884343533,0.08458901091782782
aws,m5.large-1,cbadb796cb57922b59801d6993b79d8ce3bcf674,DISKB LAT,MB/s,81.00263871763255,28.48,101.66,73.95000000000002,83.9,89.64000000000001,15.689999999999998,59.35000000000001,94.92000000000002,11.191087213875743,0.0014197068369695832,0.05672130929430013,0.1381570698318459,0.09479451720718059,0.09655763211110886
aws,m5.large-2,cbadb796cb57922b59801d6993b79d8ce3bcf674,DISKB LAT,MB/s,79.8121578298397,28.28,96.89999999999999,72.94,82.76,88.83,15.89,58.36,93.15,11.286672908258746,0.0014408832329177357,0.05763127553029867,0.14141545868640767,0.0980380345342646,0.09902825625032365
aws,m5.xlarge-1,cbadb796cb57922b59801d6993b79d8ce3bcf674,DISKB LAT,MB/s,83.37003699136868,51.82000000000001,103.05999999999999,77.07999999999998,84.19999999999999,90.88,13.800000000000011,64.09,98.46000000000001,10.256113834503022,0.0027587849100248326,0.04930529544959866,0.12301918296575591,0.07932445493935177,0.08388297778490211
aws,a1.large-1,cd6051f39616e101ee3586810d90aabc4703711b,CPU EVENTS,events/s,36659.90520756268,30895.920000000002,37311.01,36286.73333333334,37031.736666666664,37068.555,781.8216666666631,35659.97666666667,37107.658333333326,866.3635816267658,1.5875654797927232e-06,0.00747536267089503,0.023632455586602038,0.01776377014826287,0.016290529468586647
aws,a1.large-2,cd6051f39616e101ee3586810d90aabc4703711b,CPU EVENTS,events/s,36694.942992190714,31110.993333333336,37251.52333333334,36258.138333333336,37054.043333333335,37086.71,828.5716666666631,35843.82166666666,37111.82166666667,661.6522007451279,1.5860496094076482e-06,0.006730545665825126,0.01803115488927012,0.013728370195598265,0.012830023583564503
aws,a1.xlarge-1,cd6051f39616e101ee3586810d90aabc4703711b,CPU EVENTS,events/s,73884.40184545828,68234.68666666666,74785.92666666665,73512.53333333333,74217.85666666667,74243.37833333333,730.8450000000012,72915.26333333334,74267.17499999999,699.8776420638708,1.575434017094302e-06,0.0032358308041317355,0.009472603480336529,0.006763836481596405,0.006490756922021556
aws,m5.large-1,cd6051f39616e101ee3586810d90aabc4703711b,CPU EVENTS,events/s,14762.485117139335,12463.176666666666,16459.423333333336,14624.671666666669,14849.133333333333,14857.305,232.6333333333314,14475.2,14868.486666666668,216.71992877749938,7.79001632092989e-06,0.00501026579820141,0.014680450280412897,0.010274453125819497,0.009988389734811268
aws,m5.large-2,cd6051f39616e101ee3586810d90aabc4703711b,CPU EVENTS,events/s,14750.268462803124,12915.683333333334,15231.4,14586.625,14846.726666666667,14856.633333333331,270.0083333333314,14480.581666666665,14867.568333333333,187.4372671874328,7.796468267001666e-06,0.004999997420197001,0.012707380049394196,0.00893289565081717,0.008880091040136122
aws,m5.xlarge-1,cd6051f39616e101ee3586810d90aabc4703711b,CPU EVENTS,events/s,29581.970937114675,28690.306666666667,32898.706666666665,29467.956666666665,29594.953333333335,29638.239999999998,170.28333333333285,29297.851666666662,29831.176666666666,272.01823171256666,7.77500594835056e-06,0.002290467979186631,0.009195405954891335,0.00642871533967899,0.005971529757918985
aws,a1.large-1,e9657314c54bc9cc01cbe5d4e606c6d882c1d559,CPU AES,seconds,1.3060106863953966,1.1243333333333332,1.563,1.2853333333333332,1.29,1.2996666666666665,0.014333333333333309,1.279,1.399166666666667,0.04199673899166833,0.07600982194821208,0.011144576425822497,0.032156504865652955,0.011456835774371881,0.01825263902194911
aws,a1.large-2,e9657314c54bc9cc01cbe5d4e606c6d882c1d559,CPU AES,seconds,1.302219893136046,1.2506666666666666,1.4479999999999997,1.2836666666666667,1.2893333333333334,1.2976666666666665,0.01399999999999979,1.2779999999999998,1.3973333333333333,0.03668794382941441,0.07578919778051788,0.00914157544965508,0.028173386094618304,0.0069675754770159295,0.014760845673763104
aws,a1.xlarge-1,e9657314c54bc9cc01cbe5d4e606c6d882c1d559,CPU AES,seconds,1.3291648170982326,1.1306666666666667,1.9463333333333332,1.285,1.2886666666666666,1.296,0.01100000000000012,1.281,1.6483333333333334,0.11877061309797775,0.15471478471023428,0.025755392589114204,0.08935732541978647,0.04521357367925785,0.05344209722938617
aws,m5.large-1,e9657314c54bc9cc01cbe5d4e606c6d882c1d559,CPU AES,seconds,1.0336157007809288,0.936,1.4536666666666667,1.0166666666666666,1.0346666666666666,1.039,0.022333333333333316,1.0103333333333333,1.06,0.028546174759031786,0.1188658055898068,0.006644095829974929,0.02761778360899923,0.018516900668830216,0.017592926702601458
aws,m5.large-2,e9657314c54bc9cc01cbe5d4e606c6d882c1d559,CPU AES,seconds,1.0323131935881626,0.9876666666666667,1.4716666666666667,1.016,1.0333333333333332,1.0376666666666667,0.021666666666666723,1.0098333333333334,1.059,0.027089568549635727,0.11871601726263871,0.006238260848880915,0.026241618065033667,0.017438269296419028,0.01663938273677787
aws,m5.xlarge-1,e9657314c54bc9cc01cbe5d4e606c6d882c1d559,CPU AES,seconds,0.9766506370735717,0.8736666666666667,1.4613333333333334,0.961,0.9673333333333334,0.9863333333333332,0.025333333333333208,0.9543333333333334,1.008,0.035871251111651695,0.2246296465269215,0.009322168970170448,0.036728846273152524,0.023865207491400458,0.023305407578241143
aws,a1.large-1,eb556387684749126951d10bf3530e6636d9a25e,DISK SEQ W,MiB/s,132.62519934237568,125.24666666666667,133.62,132.56,132.56,132.77333333333334,0.21333333333333826,132.24333333333334,133.09,0.47691943928884045,0.000438830631649081,0.0007431873422106024,0.003595994137265419,0.0024860455429916175,0.0022750756741558792
aws,a1.large-2,eb556387684749126951d10bf3530e6636d9a25e,DISK SEQ W,MiB/s,132.65247020139745,130.86666666666667,133.51666666666665,132.56,132.56,132.77333333333334,0.21333333333333826,132.34666666666666,132.98666666666665,0.25246563613799244,0.00043874041630464025,0.0006541137568354354,0.0019032109673848563,0.0012131938116408992,0.00125683951195373
aws,a1.xlarge-1,eb556387684749126951d10bf3530e6636d9a25e,DISK SEQ W,MiB/s,123.53258939580765,114.75999999999999,125.67333333333333,123.02,123.87333333333333,124.08666666666666,1.0666666666666629,120.37333333333333,124.93,1.4421187288295836,0.0009422614758527056,0.003626927002562587,0.011673994173383086,0.005675248605936543,0.006992056593960738
aws,m5.large-1,eb556387684749126951d10bf3530e6636d9a25e,DISK SEQ W,MiB/s,129.0566461159063,125.67,132.02666666666667,129.06,129.06,129.06,0.0,128.95666666666668,129.06,0.26591945130810474,0.0008910815789891056,0.0001968728041134596,0.0020604863004829786,0.001504913214206096,0.001254090772934178
aws,m5.large-2,eb556387684749126951d10bf3530e6636d9a25e,DISK SEQ W,MiB/s,129.0614180024661,127.68333333333334,132.24,129.06,129.06,129.06,0.0,129.06,129.06,0.20948255005047145,0.00089104863234807,0.00013647450392377715,0.0016231229541152931,0.0011600062670163037,0.0009732012416851245
aws,m5.xlarge-1,eb556387684749126951d10bf3530e6636d9a25e,DISK SEQ W,MiB/s,129.07099876695438,125.99000000000001,131.1833333333333,129.06,129.06,129.06,0.0,129.06,129.16666666666666,0.198268990146961,0.0017819649820427837,0.00017310843251398605,0.0015361234672472618,0.0010824485634529236,0.0009305601544047238
