provider,instance,bench_key,bench_name,extracted_name,unit,avg,min,max,std,score_$,std_perc,integral_neg,integral_neg_th_5,integral_neg_th_10,integral_neg_th_20,grad_std_perc
aws,a1.large - eu-central-1a,09b85683be2ff3589454eceefca9a640e3fb6508,simple-cpu,mean duration,s,0.3496433831319562,0.2588950634002686,0.7746523380279541,0.09823873475254036,49.14187258538185,0.2809683794744225,0.12416247600220963,0.12403246216105022,0.12151258954080267,0.09517358588291241,0.19786691611436594
aws,a1.large - eu-central-1b,09b85683be2ff3589454eceefca9a640e3fb6508,simple-cpu,mean duration,s,0.3400078101458003,0.2597354412078857,0.6438236713409424,0.09408591627734728,50.53451735954093,0.27671692669942455,0.1232378807040176,0.12315340049555494,0.12181290543520651,0.10389216419761664,0.19744154597675603
aws,a1.xlarge - eu-central-1b,09b85683be2ff3589454eceefca9a640e3fb6508,simple-cpu,mean duration,s,0.3183822682988629,0.25814113616943357,0.9234545707702637,0.08490819711922358,26.98349169380204,0.2666863251301449,0.08309645338990689,0.0783378765667897,0.06895038024290794,0.06519484900880182,0.15232370561183287
aws,m5.large - eu-central-1a,09b85683be2ff3589454eceefca9a640e3fb6508,simple-cpu,mean duration,s,0.17007838442058068,0.09569010734558106,0.5274240493774414,0.09008927921985822,51.1273211086594,0.5296927033189573,0.2349744821773799,0.23492055124066913,0.2345378036387707,0.23297205064383478,0.37769353866697225
aws,m5.large - eu-central-1b,09b85683be2ff3589454eceefca9a640e3fb6508,simple-cpu,mean duration,s,0.17383012383551544,0.09633073806762696,0.5668768405914306,0.09303674759013247,50.023850769048494,0.5352164834109382,0.23546070275260667,0.23542621377873085,0.23523225575066267,0.2331656005550211,0.3780766852149643
aws,m5.xlarge - eu-central-1b,09b85683be2ff3589454eceefca9a640e3fb6508,simple-cpu,mean duration,s,0.12328568921871162,0.09298968315124512,0.27878479957580565,0.031700171827000447,35.266267435495934,0.25712774960249946,0.11374639835627864,0.1134983496509783,0.11105122689953101,0.08950854620070292,0.18594568355154556
aws,a1.large - eu-central-1a,11d4515d916b810e82d25d90d9cc29181d2832ce,sys-benchmark,memory: speed,MiB/s,20957.497538018906,11900.949999999999,21373.670000000002,643.1542027957915,360094.4594161324,0.03068850188955281,-0.006443574749604531,9.640129423460773e-05,9.640129423460773e-05,9.640129423460773e-05,0.02250915423213981
aws,a1.large - eu-central-1b,11d4515d916b810e82d25d90d9cc29181d2832ce,sys-benchmark,memory: speed,MiB/s,20970.07530620633,16120.176666666666,21439.343333333334,432.5230631221143,360310.5722715864,0.02062572770037236,-0.0062203287648529846,9.537597981321292e-05,9.537597981321292e-05,9.537597981321292e-05,0.014085776500175111
aws,a1.xlarge - eu-central-1b,11d4515d916b810e82d25d90d9cc29181d2832ce,sys-benchmark,memory: speed,MiB/s,36603.57509247842,30684.440000000002,40986.98,817.1480533727615,314463.70354362903,0.02232426890838527,-0.007760439869950954,-0.0012906249696173462,-0.00016335887598521476,-1.569739155279911e-05,0.015264984838455408
aws,m5.large - eu-central-1a,11d4515d916b810e82d25d90d9cc29181d2832ce,sys-benchmark,memory: speed,MiB/s,15614.801989313604,14115.086666666668,17325.329999999998,129.66012368774324,135780.88686359656,0.008303667492964658,-0.0012094785623500994,-0.0001279528562185141,-0.0001279528562185141,7.1214839816110425e-06,0.005824314066209018
aws,m5.large - eu-central-1b,11d4515d916b810e82d25d90d9cc29181d2832ce,sys-benchmark,memory: speed,MiB/s,15610.346300863132,13418.936666666666,16025.326666666668,136.71201942352823,135742.14174663593,0.00875778261344331,-0.0011732243265896371,-1.0069678089172086e-05,-1.0069678089172086e-05,-1.0069678089172086e-05,0.0062337872803075525
aws,m5.xlarge - eu-central-1b,11d4515d916b810e82d25d90d9cc29181d2832ce,sys-benchmark,memory: speed,MiB/s,29470.99681052199,27792.319999999996,34078.526666666665,509.46089676331854,128134.76874139995,0.017286856635314977,-0.006118987876924871,-0.0006844102938712164,-0.000371882665835774,3.508370064976804e-06,0.012418929849084272
aws,a1.large - eu-central-1a,277604812f42491cbabe59d60001aaffc925c2b5,nench-benchmark,cpu - bzip2,seconds,9.609303740238389,9.388,10.041666666666666,0.06779517648360597,1.7880723774234846,0.007055160115265969,0.002580583822808598,0.0,0.0,0.0,0.003113615586295107
aws,a1.large - eu-central-1b,277604812f42491cbabe59d60001aaffc925c2b5,nench-benchmark,cpu - bzip2,seconds,9.590834360871352,9.378666666666666,9.903,0.0609810566082684,1.791515726128274,0.006358263975140544,0.002256600310727839,0.0,0.0,0.0,0.002839189933662979
aws,a1.xlarge - eu-central-1b,277604812f42491cbabe59d60001aaffc925c2b5,nench-benchmark,cpu - bzip2,seconds,9.660639950678176,9.366666666666667,11.546333333333335,0.3637068819711743,0.889285320222821,0.037648321832514015,0.009090411718195577,0.008648739472052556,0.008534799642651476,0.0,0.019894264133464686
aws,m5.large - eu-central-1a,277604812f42491cbabe59d60001aaffc925c2b5,nench-benchmark,cpu - bzip2,seconds,5.131251130291821,4.6066666666666665,10.123666666666667,0.19069106389356066,1.6946456045737348,0.03716268392475186,0.005238623316330404,0.0021108323443551056,0.0012915282396070787,0.0011996832677758007,0.026427729307545535
aws,m5.large - eu-central-1b,277604812f42491cbabe59d60001aaffc925c2b5,nench-benchmark,cpu - bzip2,seconds,5.12482120838471,4.931333333333334,6.000333333333334,0.0721648144840125,1.696771813168058,0.014081430658682061,0.004773976499987089,0.0008801908920353988,0.00035505516214548173,0.0,0.00962827697295044
aws,m5.xlarge - eu-central-1b,277604812f42491cbabe59d60001aaffc925c2b5,nench-benchmark,cpu - bzip2,seconds,4.893806822852445,4.414666666666666,5.213333333333334,0.061683122729479886,0.8884343506682005,0.012604323170551048,0.0036905635859706036,0.0005823339674511918,0.0,0.0,0.008594167767462774
aws,a1.large - eu-central-1a,4b7ccf0064e0a3ebfe54a6a139b35958a896593b,nench-benchmark,net speed - OVH BHS (CA),MiB/s,13.28400328812166,0.0033333333333333335,15.34,1.4363949798926408,228.2474791773481,0.10812967662971311,-0.030681224425346564,-0.02043018361306698,-0.009066415532455158,3.177631497191744e-05,0.06559109191142228
aws,a1.large - eu-central-1b,4b7ccf0064e0a3ebfe54a6a139b35958a896593b,nench-benchmark,net speed - OVH BHS (CA),MiB/s,13.473216193999178,5.3,15.656666666666666,1.1237992784403392,231.49856003435013,0.083409874988933,-0.025130425323266207,-0.01765337928384236,-0.007305099998341434,7.579692464999317e-05,0.046179507157336146
aws,a1.xlarge - eu-central-1b,4b7ccf0064e0a3ebfe54a6a139b35958a896593b,nench-benchmark,net speed - OVH BHS (CA),MiB/s,13.367291409782162,3.3433333333333333,15.343333333333334,1.350621335000484,114.83927327991547,0.10103926768680314,-0.02888022962670736,-0.019619138023120958,-0.006601137563107627,0.00028017036233079633,0.051432950843125214
aws,m5.large - eu-central-1a,4b7ccf0064e0a3ebfe54a6a139b35958a896593b,nench-benchmark,net speed - OVH BHS (CA),MiB/s,13.31298808055898,1.486666666666667,15.353333333333333,1.5156917831846888,115.76511374399114,0.11385060769325413,-0.03281353902785161,-0.021820417195821545,-0.00933771815962463,-1.6857898406098662e-05,0.0576503445499973
aws,m5.large - eu-central-1b,4b7ccf0064e0a3ebfe54a6a139b35958a896593b,nench-benchmark,net speed - OVH BHS (CA),MiB/s,13.380863131935882,0.5866666666666666,15.613333333333332,1.6482721868542562,116.35533158205115,0.12318130531657204,-0.03302340285113571,-0.022026630350033993,-0.008483385577913238,0.00019789472410328918,0.06428944890300238
aws,m5.xlarge - eu-central-1b,4b7ccf0064e0a3ebfe54a6a139b35958a896593b,nench-benchmark,net speed - OVH BHS (CA),MiB/s,13.3488532675709,1.4000000000000001,15.416666666666666,1.586267392004526,58.03849246769956,0.11883173484707725,-0.033624566221990074,-0.023141204384811088,-0.010466432866611138,-7.80053857560538e-05,0.06344419049562598
aws,m5.large - eu-central-1a,4edcdef29160f30a36d7e070b8267674e810f5f0,nench-benchmark,ioping: avg seek rate,us,277.0490111248455,274.1666666666667,360.8,3.0131878697863272,0.03138669269602466,0.010876010196002853,0.0009350847099209469,0.0003736670622292401,0.0003736670622292401,0.0003736670622292401,0.007717148622590164
aws,m5.large - eu-central-1b,4edcdef29160f30a36d7e070b8267674e810f5f0,nench-benchmark,ioping: avg seek rate,us,277.1559950556242,274.46666666666664,358.6333333333334,3.090155369183903,0.031374577238236744,0.011149516605490422,0.0011838127125107225,0.0004355321781338003,0.00036338252155796266,0.00036338252155796266,0.007809607066906618
aws,m5.xlarge - eu-central-1b,4edcdef29160f30a36d7e070b8267674e810f5f0,nench-benchmark,ioping: avg seek rate,us,277.17704985578905,274.4666666666667,373.8,3.535039811288667,0.015686096988255804,0.012753724787560492,0.0012730787112541918,0.0004308980253007474,0.0004308980253007474,0.0004308980253007474,0.008957661626451051
aws,a1.large - eu-central-1a,4f1601a2fee6f318db2255d8d70480bcd32114bb,sys-benchmark,cpu: avg latency,ms,0.051335799424578714,0.05000000000000001,0.07,0.0026365572704009116,334.7007502909544,0.05135903794143649,0.018000047386861336,0.008356228756124488,0.008356228756124488,0.004322718347304225,0.038693639252945736
aws,a1.large - eu-central-1b,4f1601a2fee6f318db2255d8d70480bcd32114bb,sys-benchmark,cpu: avg latency,ms,0.051302918207973704,0.05000000000000001,0.06666666666666667,0.0020723950823930163,334.91526767617523,0.04039526706827598,0.016475018724867604,0.004079758946594562,0.004079758946594562,0.0009231542496410613,0.03038801282469251
aws,a1.xlarge - eu-central-1b,4f1601a2fee6f318db2255d8d70480bcd32114bb,sys-benchmark,cpu: avg latency,ms,0.050990546650226065,0.05000000000000001,0.06,0.0017426446530132453,168.48349069539015,0.034175837826706634,0.01422385612307636,0.0033748238044794716,0.0033748238044794716,0.0,0.024524301399456924
aws,m5.large - eu-central-1a,4f1601a2fee6f318db2255d8d70480bcd32114bb,sys-benchmark,cpu: avg latency,ms,0.13143033292231812,0.12,0.17333333333333334,0.0029272693655365257,66.16168414526202,0.022272403184633853,0.007460857250705086,0.001652775478614467,0.0009783156798079326,0.0003931231861433083,0.015601123230134798
aws,m5.large - eu-central-1b,4f1601a2fee6f318db2255d8d70480bcd32114bb,sys-benchmark,cpu: avg latency,ms,0.1315330867242088,0.13,0.15333333333333332,0.0023986953345740865,66.10999855987261,0.018236440688140593,0.007311484308433042,0.0009955835836709067,0.00037748103135662556,0.0,0.012903561505526248
aws,m5.xlarge - eu-central-1b,4f1601a2fee6f318db2255d8d70480bcd32114bb,sys-benchmark,cpu: avg latency,ms,0.13234689683518291,0.12,0.14,0.0030876020326202126,32.85174183094787,0.0233296141160403,0.00943084605310528,0.004420736610732871,0.0,0.0,0.01680836449829337
aws,a1.large - eu-central-1a,4f9036957f18874f519316848e75bed92f7ec50a,nench-benchmark,net speed - Leaseweb (NL),MiB/s,139.266358405261,53.589999999999996,164.03,21.00681070629862,2392.892756104141,0.1508390895464461,-0.05958097680638544,-0.05641162388820116,-0.035129262929073514,-0.0001043160227498168,0.10590920417915171
aws,a1.large - eu-central-1b,4f9036957f18874f519316848e75bed92f7ec50a,nench-benchmark,net speed - Leaseweb (NL),MiB/s,147.5676572133169,50.19,171.84666666666666,23.330015021948178,2535.5267562425583,0.15809707535183948,-0.06190437403252596,-0.05909385268220942,-0.03969826121416555,3.102221592368113e-05,0.10511575526364798
aws,a1.xlarge - eu-central-1b,4f9036957f18874f519316848e75bed92f7ec50a,nench-benchmark,net speed - Leaseweb (NL),MiB/s,146.81118783394984,49.71333333333333,174.87,23.26192898868345,1261.2645002916654,0.1584479311957734,-0.06203165735315323,-0.05954407346646414,-0.04017641037745521,0.00015128732163932152,0.10929269875580407
aws,m5.large - eu-central-1a,4f9036957f18874f519316848e75bed92f7ec50a,nench-benchmark,net speed - Leaseweb (NL),MiB/s,136.81022194821207,42.080000000000005,164.21333333333334,23.222002250834958,1189.6541038974963,0.16973879524605537,-0.06834664019428448,-0.0658948290606532,-0.054475382136569106,-0.00023509535519531728,0.11465465884667826
aws,m5.large - eu-central-1b,4f9036957f18874f519316848e75bed92f7ec50a,nench-benchmark,net speed - Leaseweb (NL),MiB/s,147.68081586518701,53.31,174.05000000000004,24.022377670111027,1284.1810075233652,0.16266417225132523,-0.06501589978658207,-0.06256329934471302,-0.046992897947341974,-7.551347541578003e-05,0.10769038145814067
aws,m5.xlarge - eu-central-1b,4f9036957f18874f519316848e75bed92f7ec50a,nench-benchmark,net speed - Leaseweb (NL),MiB/s,146.7432716810522,5.18,173.22333333333336,24.643532805006277,638.0142247002269,0.16793637297776223,-0.06600473692532083,-0.06404140294928572,-0.04918824808313773,2.292495877523943e-05,0.11272573866094807
aws,a1.large - eu-central-1a,4fbaaef78c368efc3613e57f57b559876121c0ef,sys-benchmark,memory: avg latency,ms,0.0917016029593095,0.09000000000000001,0.16666666666666666,0.005180766519987122,187.37001349710997,0.056495921039526095,0.013194682434795076,0.009618347205994665,0.005986579914106276,0.004444485341480022,0.04163672537437027
aws,a1.large - eu-central-1b,4fbaaef78c368efc3613e57f57b559876121c0ef,sys-benchmark,memory: avg latency,ms,0.09212083847102344,0.09000000000000001,0.12666666666666668,0.0038234246685349025,186.51730563217865,0.04150444928633122,0.014601327626983228,0.006820563831883066,0.0024965694176407975,0.0017015512454431959,0.028782996066785565
aws,a1.xlarge - eu-central-1b,4fbaaef78c368efc3613e57f57b559876121c0ef,sys-benchmark,memory: avg latency,ms,0.10906288532675709,0.09333333333333334,0.13333333333333333,0.0024284023445859328,78.77166706489581,0.022266074634925852,0.007654130121977915,0.0009892246171389852,0.0006453566085506494,0.0002743973771235301,0.015253272829696435
aws,m5.large - eu-central-1a,4fbaaef78c368efc3613e57f57b559876121c0ef,sys-benchmark,memory: avg latency,ms,0.12982737361282368,0.11,0.14666666666666667,0.0017909424127948892,66.97857263789038,0.013794798145851031,0.0018285082474545102,0.0005147351625910851,0.00028820640872212743,0.0,0.009610984904581402
aws,m5.large - eu-central-1b,4fbaaef78c368efc3613e57f57b559876121c0ef,sys-benchmark,memory: avg latency,ms,0.12990957665433622,0.12,0.15,0.0016785714986188615,66.93619052466363,0.01292107588869456,0.001282161465348513,0.0006045656979402214,0.0005087917553420898,0.0,0.009281651675853585
aws,m5.xlarge - eu-central-1b,4fbaaef78c368efc3613e57f57b559876121c0ef,sys-benchmark,memory: avg latency,ms,0.1348581997533909,0.12,0.14333333333333334,0.003500504309047845,32.23998314457108,0.025956925981876218,0.011145062362735835,7.749047800989715e-05,0.0,0.0,0.018196611718112442
aws,a1.large - eu-central-1a,4ff72d794db9bfc16f363cb21933f7860dc2a796,sys-benchmark,memory: totalops per second,ops/s,20957.497538018906,11900.949999999999,21373.670000000002,643.1542027957915,360094.4594161324,0.03068850188955281,-0.006443574749604531,9.640129423460773e-05,9.640129423460773e-05,9.640129423460773e-05,0.02250915423213981
aws,a1.large - eu-central-1b,4ff72d794db9bfc16f363cb21933f7860dc2a796,sys-benchmark,memory: totalops per second,ops/s,20970.07530620633,16120.176666666666,21439.343333333334,432.5230631221143,360310.5722715864,0.02062572770037236,-0.0062203287648529846,9.537597981321292e-05,9.537597981321292e-05,9.537597981321292e-05,0.014085776500175111
aws,a1.xlarge - eu-central-1b,4ff72d794db9bfc16f363cb21933f7860dc2a796,sys-benchmark,memory: totalops per second,ops/s,36603.57509247842,30684.440000000002,40986.98,817.1480533727615,314463.70354362903,0.02232426890838527,-0.007760439869950954,-0.0012906249696173462,-0.00016335887598521476,-1.569739155279911e-05,0.015264984838455408
aws,m5.large - eu-central-1a,4ff72d794db9bfc16f363cb21933f7860dc2a796,sys-benchmark,memory: totalops per second,ops/s,15614.801989313604,14115.086666666668,17325.329999999998,129.66012368774324,135780.88686359656,0.008303667492964658,-0.0012094785623500994,-0.0001279528562185141,-0.0001279528562185141,7.1214839816110425e-06,0.005824314066209018
aws,m5.large - eu-central-1b,4ff72d794db9bfc16f363cb21933f7860dc2a796,sys-benchmark,memory: totalops per second,ops/s,15610.346300863132,13418.936666666666,16025.326666666668,136.71201942352823,135742.14174663593,0.00875778261344331,-0.0011732243265896371,-1.0069678089172086e-05,-1.0069678089172086e-05,-1.0069678089172086e-05,0.0062337872803075525
aws,m5.xlarge - eu-central-1b,4ff72d794db9bfc16f363cb21933f7860dc2a796,sys-benchmark,memory: totalops per second,ops/s,29470.99681052199,27792.319999999996,34078.526666666665,509.46089676331854,128134.76874139995,0.017286856635314977,-0.006118987876924871,-0.0006844102938712164,-0.000371882665835774,3.508370064976804e-06,0.012418929849084272
aws,a1.large - eu-central-1a,5b6cb427d11dfdd876e2dfedeb8039bbb2bf00b8,nench-benchmark,cpu - SHA256,seconds,3.201223592272914,3.1306666666666665,3.473333333333333,0.06082114495116135,5.367363474912068,0.018999342969348004,0.007382533621477715,0.0013706735895506184,0.0,0.0,0.012285373155114798
aws,a1.large - eu-central-1b,5b6cb427d11dfdd876e2dfedeb8039bbb2bf00b8,nench-benchmark,cpu - SHA256,seconds,3.1962803123715577,3.1333333333333333,3.44,0.05652996156292339,5.37566449278153,0.017686171436252916,0.006951376970447237,0.0010394361098937928,0.0,0.0,0.01179046376866009
aws,a1.xlarge - eu-central-1b,5b6cb427d11dfdd876e2dfedeb8039bbb2bf00b8,nench-benchmark,cpu - SHA256,seconds,3.169270859021784,3.1293333333333333,3.358,0.03189890476276011,2.7107387390511355,0.010065061076100612,0.003432898330296906,0.00014244562403730246,0.0,0.0,0.004710924303473477
aws,m5.large - eu-central-1a,5b6cb427d11dfdd876e2dfedeb8039bbb2bf00b8,nench-benchmark,cpu - SHA256,seconds,2.939258117550349,2.626,3.566333333333334,0.058689868338711135,2.9584513595424604,0.019967578889473217,0.006244332310708967,0.0015877786137335882,0.0008114568768238415,0.00026306377970022616,0.014281621820902157
aws,m5.large - eu-central-1b,5b6cb427d11dfdd876e2dfedeb8039bbb2bf00b8,nench-benchmark,cpu - SHA256,seconds,2.9421483764899303,2.830666666666667,4.476333333333334,0.08079956259326035,2.955545085148701,0.027462776262037678,0.006897153587543473,0.0022335375290755883,0.0017603309991554466,0.0009262197492012253,0.019467555031636437
aws,m5.xlarge - eu-central-1b,5b6cb427d11dfdd876e2dfedeb8039bbb2bf00b8,nench-benchmark,cpu - SHA256,seconds,2.842259350595972,2.5573333333333337,3.119666666666667,0.03118353133936433,1.5297077256672085,0.01097138842478456,0.002210486145074046,0.0004711507594136847,0.0,0.0,0.00783323659682889
aws,a1.large - eu-central-1a,5b6d62d2c3e75fa54f053717e103d742ca2e7ded,sys-benchmark,fileio: fileop - write,writes/s,1735.8920961775586,1513.0333333333335,1821.0266666666666,42.573084611975105,29826.324676590353,0.02452519065310638,-0.009548516232830895,5.274459959255813e-06,5.274459959255813e-06,5.274459959255813e-06,0.015294896068236929
aws,a1.large - eu-central-1b,5b6d62d2c3e75fa54f053717e103d742ca2e7ded,sys-benchmark,fileio: fileop - write,writes/s,1675.0668845047267,1311.9333333333332,1934.3500000000001,81.83387309281449,28781.217946816607,0.04885409284239454,-0.01702774963134132,-0.006846587387567625,-0.002642987894021883,-9.946010507501798e-06,0.018172945915423025
aws,a1.xlarge - eu-central-1b,5b6d62d2c3e75fa54f053717e103d742ca2e7ded,sys-benchmark,fileio: fileop - write,writes/s,1839.5737772297575,1486.58,1991.9000000000003,107.02893079105918,15803.898429808913,0.058181374466119914,-0.024391562105314422,-0.009786263956126638,0.00011722151271406862,0.00011722151271406862,0.014715418090901562
aws,m5.large - eu-central-1a,5b6d62d2c3e75fa54f053717e103d742ca2e7ded,sys-benchmark,fileio: fileop - write,writes/s,1843.6329675297986,1557.3033333333333,1955.1066666666666,59.08802697722112,16031.591021998249,0.03204977781254938,-0.012879843700479319,-0.0011953885432893047,3.567535333544644e-05,3.567535333544644e-05,0.01673572709031538
aws,m5.large - eu-central-1b,5b6d62d2c3e75fa54f053717e103d742ca2e7ded,sys-benchmark,fileio: fileop - write,writes/s,1765.0730045211674,1316.3133333333333,2121.72,121.65214495264352,15348.460908879715,0.06892187724872352,-0.024275550932383885,-0.014292828459084262,-0.008744901966598566,-0.0002628600100083373,0.03091380742710109
aws,m5.xlarge - eu-central-1b,5b6d62d2c3e75fa54f053717e103d742ca2e7ded,sys-benchmark,fileio: fileop - write,writes/s,1736.623645704891,1295.3766666666666,2146.25,156.42407646543472,7550.537590021265,0.09007367649997798,-0.03656072445210004,-0.03107486456396905,-0.015531219803276299,-0.00030812186014414006,0.034710542920339954
aws,a1.large - eu-central-1a,6157345de84637c53718d2ad44c67ee65c6b3dbd,dd,speed,MB/s,163.14419235511713,134.0,178.2,8.568960764019142,2803.1648170982326,0.05252384801640394,-0.021245689058858746,-0.01289417072048648,1.9229034153470957e-05,1.9229034153470957e-05,0.03500282703927522
aws,a1.large - eu-central-1b,6157345de84637c53718d2ad44c67ee65c6b3dbd,dd,speed,MB/s,163.56522811344018,135.6,178.2,8.501103736095134,2810.399108478354,0.051973783389946536,-0.020888354140767097,-0.013744314718094194,7.436957403728456e-05,7.436957403728456e-05,0.036837456962852164
aws,a1.xlarge - eu-central-1b,6157345de84637c53718d2ad44c67ee65c6b3dbd,dd,speed,MB/s,166.02966707768186,134.0,182.6,7.056820692357687,1426.3717102893631,0.042503371936871655,-0.01688427006868898,-0.008912286787530336,4.329494600812407e-05,4.329494600812407e-05,0.02632137061468326
aws,m5.large - eu-central-1a,6157345de84637c53718d2ad44c67ee65c6b3dbd,dd,speed,MB/s,198.29297163995068,154.0,223.0,14.746904673684925,1724.2867099126145,0.07436927568195172,-0.031090751944981423,-0.018355575487246006,-0.01678040209759482,1.6745711485385015e-05,0.05144419920894457
aws,m5.large - eu-central-1b,6157345de84637c53718d2ad44c67ee65c6b3dbd,dd,speed,MB/s,198.41060419235512,154.0,222.4,14.870161887914083,1725.3096016726531,0.0749464069647092,-0.0312960559237543,-0.019342987780709562,-0.017789046538589065,-7.450948541523592e-05,0.05383687773859216
aws,m5.xlarge - eu-central-1b,6157345de84637c53718d2ad44c67ee65c6b3dbd,dd,speed,MB/s,203.67363748458692,167.12,224.4,12.478601574142758,885.5375542808126,0.0612676325137419,-0.02450220036068309,-0.020749029924049745,-0.0001183727177884032,7.105232571321555e-06,0.043162340185806856
aws,a1.large - eu-central-1a,6b10bb7744ab058af8c49896ff2de9433f360d05,sys-benchmark,fileio: avg latency,ms,0.10073982737361284,0.09666666666666668,0.12,0.0021148418037614507,170.5594602665859,0.02099310529804818,0.0063162019981275385,0.003967126832652412,0.0005848288602100545,0.0,0.014521026991925848
aws,a1.large - eu-central-1b,6b10bb7744ab058af8c49896ff2de9433f360d05,sys-benchmark,fileio: avg latency,ms,0.10397451705713112,0.09000000000000001,0.13,0.006119514538388268,165.25328580993875,0.05885590730876648,0.022680786534636746,0.019392356169982906,0.009865778521570627,0.0015036654312488955,0.02386887214697304
aws,a1.xlarge - eu-central-1b,6b10bb7744ab058af8c49896ff2de9433f360d05,sys-benchmark,fileio: avg latency,ms,0.09454582819564325,0.09000000000000001,0.12,0.006450927140312761,90.86667763191801,0.06823069048550601,0.02930309899534361,0.028860546951657462,0.014199375592086215,0.0009089577282928775,0.017108382163082643
aws,m5.large - eu-central-1a,6b10bb7744ab058af8c49896ff2de9433f360d05,sys-benchmark,fileio: avg latency,ms,0.09451294697903824,0.09000000000000001,0.11333333333333334,0.004340505721587429,92.0048781871295,0.04592498552129686,0.02057848312598926,0.017206710620895786,0.001038342919666502,0.0,0.025464100123172337
aws,m5.large - eu-central-1b,6b10bb7744ab058af8c49896ff2de9433f360d05,sys-benchmark,fileio: avg latency,ms,0.09998355939169751,0.08,0.13,0.007227424784530784,86.97082027102866,0.07228613212514756,0.0219818286199388,0.020949559685216997,0.02037262450156842,0.007487383914730774,0.03325385056369487
aws,m5.xlarge - eu-central-1b,6b10bb7744ab058af8c49896ff2de9433f360d05,sys-benchmark,fileio: avg latency,ms,0.10164406083025072,0.08333333333333333,0.13333333333333333,0.010051112653549714,42.775013625415355,0.09888539056241995,0.038566131981254505,0.0347592469696146,0.025585621880302327,0.009693094794931998,0.039769139002888886
aws,a1.large - eu-central-1a,6b15fec1cbb97aa537c29c8bb0adff3235a505e3,nench-benchmark,net speed - Online.net (FR),MiB/s,141.48245787094123,46.81666666666667,154.98666666666665,13.825019683893915,2430.9700665110176,0.09771543336139205,-0.0250076612465442,-0.006302090277812634,4.0304053379764144e-06,4.0304053379764144e-06,0.06911963351493655
aws,a1.large - eu-central-1b,6b15fec1cbb97aa537c29c8bb0adff3235a505e3,nench-benchmark,net speed - Online.net (FR),MiB/s,147.3342498972462,0.056666666666666664,160.5533333333333,15.56895249899861,2531.5163212585257,0.10567096591496346,-0.02519641032218897,-0.007310237842377822,-1.6395639554479097e-05,-1.6395639554479097e-05,0.07615600034455054
aws,a1.xlarge - eu-central-1b,6b15fec1cbb97aa537c29c8bb0adff3235a505e3,nench-benchmark,net speed - Online.net (FR),MiB/s,147.7928524455405,48.1,160.74666666666667,13.012683860897425,1269.698045064781,0.08804677388368568,-0.02237516350435086,-0.0050798139300711745,7.059784376246827e-06,7.059784376246827e-06,0.063126940502321
aws,m5.large - eu-central-1a,6b15fec1cbb97aa537c29c8bb0adff3235a505e3,nench-benchmark,net speed - Online.net (FR),MiB/s,141.18602548294288,48.346666666666664,153.42999999999998,14.461669963539109,1227.7045694168946,0.1024298964013706,-0.03120305003159964,-0.013014496392805623,1.59184492153781e-05,1.59184492153781e-05,0.06658956731320358
aws,m5.large - eu-central-1b,6b15fec1cbb97aa537c29c8bb0adff3235a505e3,nench-benchmark,net speed - Online.net (FR),MiB/s,145.47352856555693,0.09000000000000001,161.48333333333335,16.900880074433093,1264.9872049178864,0.11617838819945028,-0.03514177325587802,-0.022466278984157394,-0.0012174314281279551,-4.345239456561329e-05,0.07840302790176687
aws,m5.xlarge - eu-central-1b,6b15fec1cbb97aa537c29c8bb0adff3235a505e3,nench-benchmark,net speed - Online.net (FR),MiB/s,145.66251952322236,0.7666666666666666,161.33,17.109851386874418,633.3153022748797,0.11746227816790349,-0.033925203992583475,-0.0207110584663522,-0.0002520967925228065,7.371843534618462e-06,0.07963061149986787
aws,a1.large - eu-central-1a,76a291182ae2a33c1a8bc6baf134a35afd2e78c6,sys-benchmark,fileio: fileop - fsync,fsyncs/s,5553.713115495273,4840.133333333334,5825.900000000001,136.2386473535443,95424.62397758201,0.024531091995628716,-0.00955014158508595,5.31071412552195e-06,5.31071412552195e-06,5.31071412552195e-06,0.015298849994848126
aws,a1.large - eu-central-1b,76a291182ae2a33c1a8bc6baf134a35afd2e78c6,sys-benchmark,fileio: fileop - fsync,fsyncs/s,5359.11186189889,4197.2300000000005,6189.450000000001,261.8800203465984,92080.95982644141,0.048866309772046194,-0.01703163335053475,-0.006847765802529067,-0.0026436269121824976,-9.846014223509366e-06,0.01818044342513771
aws,a1.xlarge - eu-central-1b,76a291182ae2a33c1a8bc6baf134a35afd2e78c6,sys-benchmark,fileio: fileop - fsync,fsyncs/s,5885.517151664611,4755.900000000001,6373.123333333334,342.4764947252156,50562.86212770284,0.058189702943666106,-0.02439488302615783,-0.009726260181250236,0.00011726706706967187,0.00011726706706967187,0.014720831185170863
aws,m5.large - eu-central-1a,76a291182ae2a33c1a8bc6baf134a35afd2e78c6,sys-benchmark,fileio: fileop - fsync,fsyncs/s,5900.635663789561,4984.8,6257.063333333333,189.07244939014626,51309.875337300524,0.03204272559148626,-0.012877176420287939,-0.0011950949073171275,3.564977718042658e-05,3.564977718042658e-05,0.01672979434287702
aws,m5.large - eu-central-1b,76a291182ae2a33c1a8bc6baf134a35afd2e78c6,sys-benchmark,fileio: fileop - fsync,fsyncs/s,5649.233645704891,4214.083333333333,6790.93,389.28732308919905,49123.77083221645,0.06890975794303958,-0.024271791499177235,-0.014290119245506248,-0.008743162391141895,-0.000262819721721115,0.030908203331879158
aws,m5.xlarge - eu-central-1b,76a291182ae2a33c1a8bc6baf134a35afd2e78c6,sys-benchmark,fileio: fileop - fsync,fsyncs/s,5558.231331689272,4146.126666666666,6869.639999999999,500.55435772716135,24166.223181257705,0.09005640964839647,-0.03655363013862418,-0.03106876310248539,-0.015528800601050616,-0.0003081980707828876,0.03470097626285
aws,a1.large - eu-central-1a,770e3a2ca8b8a0765a10a2afdb6a476e7e4f8e6c,sys-benchmark,fileio: fileop - read,reads/s,2603.8380517879164,2269.5533333333333,2731.5399999999995,63.859499132476856,44739.48542590922,0.024525142448328516,-0.009548531103478175,5.274416353485222e-06,5.274416353485222e-06,5.274416353485222e-06,0.015294821360076538
aws,a1.large - eu-central-1b,770e3a2ca8b8a0765a10a2afdb6a476e7e4f8e6c,sys-benchmark,fileio: fileop - read,reads/s,2512.600156185779,1967.8966666666668,2901.5266666666666,122.75085889363501,43171.82398944637,0.04885411576188685,-0.017027753620220624,-0.006846588228030673,-0.0026429859832912766,-9.946503843863559e-06,0.01817295072924513
aws,a1.xlarge - eu-central-1b,770e3a2ca8b8a0765a10a2afdb6a476e7e4f8e6c,sys-benchmark,fileio: fileop - read,reads/s,2759.3606329634194,2229.8700000000003,2987.85,160.5434407651484,23705.847362228687,0.058181391314817935,-0.02439157639636391,-0.009786275365900089,0.00011722410609637325,0.00011722410609637325,0.01471542009671283
aws,m5.large - eu-central-1a,770e3a2ca8b8a0765a10a2afdb6a476e7e4f8e6c,sys-benchmark,fileio: fileop - read,reads/s,2765.4493629264284,2335.9566666666665,2932.6566666666663,88.6321690180682,24047.385764577637,0.032049825321797495,-0.012879867804556668,-0.001195381527292397,3.5674943511525376e-05,3.5674943511525376e-05,0.016735737597813324
aws,m5.large - eu-central-1b,770e3a2ca8b8a0765a10a2afdb6a476e7e4f8e6c,sys-benchmark,fileio: fileop - read,reads/s,2647.609506781751,1974.4666666666665,3182.5800000000004,182.47841946773784,23022.691363319573,0.06892195355860685,-0.02427556296349288,-0.014292857566606025,-0.00874491322150695,-0.00026285923380771006,0.030913811657811124
aws,m5.xlarge - eu-central-1b,770e3a2ca8b8a0765a10a2afdb6a476e7e4f8e6c,sys-benchmark,fileio: fileop - read,reads/s,2604.935388409371,1943.0666666666668,3219.373333333333,234.63624144975972,11325.806036562482,0.09007372792959506,-0.03656076020613701,-0.031074912785498413,-0.01553123190719524,-0.00030812194550043176,0.03471054335610017
aws,a1.large - eu-central-1a,7d7b07646009b4a87b48c9519d7a95a5a994ba93,web-benchmark,requests per second,req/s,11.896173448417592,11.51,12.12,0.09572653696078878,204.40160564291395,0.008046834335079585,-0.0032867450486318388,7.722673303000398e-06,7.722673303000398e-06,7.722673303000398e-06,0.0042133703446386225
aws,a1.large - eu-central-1b,7d7b07646009b4a87b48c9519d7a95a5a994ba93,web-benchmark,requests per second,req/s,11.907833949856144,10.786666666666667,12.146666666666667,0.10672532771442363,204.6019579013083,0.008962614709261456,-0.003390799066726417,-2.9856022013939835e-06,-2.9856022013939835e-06,-2.9856022013939835e-06,0.00469942715356895
aws,a1.xlarge - eu-central-1b,7d7b07646009b4a87b48c9519d7a95a5a994ba93,web-benchmark,requests per second,req/s,23.74243321002877,14.446666666666667,24.576666666666668,1.7393994354117808,203.9727939005908,0.07326121211018342,-0.01723766064546899,0.00011819024401285013,0.00011819024401285013,0.00011819024401285013,0.03870756281380881
aws,m5.large - eu-central-1a,7d7b07646009b4a87b48c9519d7a95a5a994ba93,web-benchmark,requests per second,req/s,17.120398684751336,15.383333333333335,19.12666666666667,0.14256976239908428,148.87303204131595,0.00832747910982162,-0.0018016991034312691,-0.0001376246585015056,-0.0001376246585015056,6.870805569855613e-06,0.0058451509744691125
aws,m5.large - eu-central-1b,7d7b07646009b4a87b48c9519d7a95a5a994ba93,web-benchmark,requests per second,req/s,17.11093300452117,14.606666666666667,17.57,0.15109601696546227,148.79072177844495,0.008830378619654383,-0.0020182461986651937,-2.5750340838415196e-06,-2.5750340838415196e-06,-2.5750340838415196e-06,0.006346561990068894
aws,m5.xlarge - eu-central-1b,7d7b07646009b4a87b48c9519d7a95a5a994ba93,web-benchmark,requests per second,req/s,34.302203041512534,32.15333333333333,38.32666666666666,0.37241991711358763,149.14001322396754,0.010857026199246882,-0.0024421799239857556,-0.00045516656522526277,-0.00028709512661195596,1.9963406962778057e-06,0.007569394877785216
aws,a1.large - eu-central-1a,817407f47eeb0c43023a5487985867a64960c778,download,speed,MB/s,249.84902342786683,3.5980000000000003,303.10200000000003,18.921835673567063,4292.938546870564,0.07573307837654979,-0.02518221045173888,-0.01714647000410857,-0.007500696797927098,-0.00016992236142065692,0.045543917705725696
aws,a1.large - eu-central-1b,817407f47eeb0c43023a5487985867a64960c778,download,speed,MB/s,256.5170110974106,7.934,304.892,17.11401644926762,4407.50878174245,0.0667168870245751,-0.021414403481582165,-0.013810901624108404,-0.004640434484391414,7.4410983480989505e-06,0.0422745258585795
aws,a1.xlarge - eu-central-1b,817407f47eeb0c43023a5487985867a64960c778,download,speed,MB/s,256.26833538840935,4.970000000000001,309.14,19.851231712656976,2201.618001618637,0.077462678651148,-0.024091134932759987,-0.017456556626161704,-0.009156787166649414,-0.00042872271500038445,0.045709106061945455
aws,m5.large - eu-central-1a,817407f47eeb0c43023a5487985867a64960c778,download,speed,MB/s,344.63693218249074,11.558000000000002,385.05,29.210596799311347,2996.8428885433977,0.08475759290894531,-0.029869118513251264,-0.020834581167892163,-0.001962726302880923,3.2010427594797745e-05,0.049923575203672514
aws,m5.large - eu-central-1b,817407f47eeb0c43023a5487985867a64960c778,download,speed,MB/s,358.5411072749692,8.988,393.988,24.38745722899141,3117.7487589127754,0.06801858067083057,-0.02027363055027745,-0.00929061736875208,3.336616266183729e-05,3.336616266183729e-05,0.042376901150009985
aws,m5.xlarge - eu-central-1b,817407f47eeb0c43023a5487985867a64960c778,download,speed,MB/s,362.89192848335387,5.558,397.498,23.552470108403167,1577.7909934058864,0.06490216028456951,-0.020065507644336768,-0.007211071454427908,-6.249655762863354e-05,-6.249655762863354e-05,0.04346662229730874
aws,a1.large - eu-central-1a,83504705835a4243a1c3958b31dcd54d72246b7e,download,speed,MB/s,103.32148766954377,71.55,127.13,9.864808993375071,1775.2832932911301,0.09547683851519818,-0.03811062318909441,-0.03432690150498145,-0.024136283666547798,-0.002133556036251625,0.04959648654792702
aws,a1.large - eu-central-1b,83504705835a4243a1c3958b31dcd54d72246b7e,download,speed,MB/s,104.74634032059186,74.96000000000001,128.28799999999998,9.531589222100044,1799.765297604671,0.09099687104033599,-0.037023012324302364,-0.032962551308961835,-0.024656571385245234,-0.0028577630138522394,0.04592307488673352
aws,a1.xlarge - eu-central-1b,83504705835a4243a1c3958b31dcd54d72246b7e,download,speed,MB/s,105.52368434032059,73.188,128.922,9.756456369900231,906.5608620302455,0.09245750307992506,-0.03733144931322575,-0.034088976469528624,-0.0240650571165276,-0.0017564154960359334,0.046083389621125584
aws,m5.large - eu-central-1a,83504705835a4243a1c3958b31dcd54d72246b7e,download,speed,MB/s,101.7339243732018,71.328,127.602,8.63300703915108,884.6428206365374,0.08485868497003679,-0.0342176505718523,-0.030469055758503092,-0.021740269335732407,-0.0002548311281543761,0.04197191084323633
aws,m5.large - eu-central-1b,83504705835a4243a1c3958b31dcd54d72246b7e,download,speed,MB/s,102.47582490752158,75.30199999999999,121.468,8.808038129895888,891.0941296306224,0.08595235157018374,-0.03482007988332372,-0.03106640653720569,-0.022244329014696307,0.0002015792255247895,0.042474331268077675
aws,m5.xlarge - eu-central-1b,83504705835a4243a1c3958b31dcd54d72246b7e,download,speed,MB/s,102.25806596794081,71.86399999999999,123.672,8.965697660068288,444.6002868171339,0.08767716830161004,-0.0354614496448454,-0.032245125057506485,-0.023035441289662836,-0.0001721409109384739,0.04254175872848305
aws,a1.large - eu-central-1a,871c7e28e1d90a5faead69ee6c87b09f18bc04c6,sys-benchmark,fileio: throughput - read,MiB/s,40.684804767776406,35.46,42.67666666666667,0.9976896216654189,699.0516283123094,0.024522413892855133,-0.009547475188917342,5.297856410121005e-06,5.297856410121005e-06,5.297856410121005e-06,0.015293718039121287
aws,a1.large - eu-central-1b,871c7e28e1d90a5faead69ee6c87b09f18bc04c6,sys-benchmark,fileio: throughput - read,MiB/s,39.25940813810111,30.75,45.336666666666666,1.9179544231178394,674.5602772869606,0.04885337079894671,-0.017026568104302357,-0.0068460372011784395,-0.0026429925889284818,-9.964343795775787e-06,0.01817218962633274
aws,a1.xlarge - eu-central-1b,871c7e28e1d90a5faead69ee6c87b09f18bc04c6,sys-benchmark,fileio: throughput - read,MiB/s,43.11500205507604,34.839999999999996,46.68666666666667,2.508611770362059,370.40379772402093,0.05818419693352917,-0.024392765043555514,-0.00978694863710735,0.00011725592823977342,0.00011725592823977342,0.014716677279963914
aws,m5.large - eu-central-1a,871c7e28e1d90a5faead69ee6c87b09f18bc04c6,sys-benchmark,fileio: throughput - read,MiB/s,43.210250719276615,36.49666666666666,45.82333333333332,1.384911214794908,375.74131060240535,0.03205052485791485,-0.012880446522932758,-0.0011953301961660147,3.5677093999742524e-05,3.5677093999742524e-05,0.01673793092526519
aws,m5.large - eu-central-1b,871c7e28e1d90a5faead69ee6c87b09f18bc04c6,sys-benchmark,fileio: throughput - read,MiB/s,41.368840937114676,30.850000000000005,49.72666666666667,2.851303068755424,359.7290516270841,0.06892392931892213,-0.02427551803409034,-0.014293794148342085,-0.008745078861861514,-0.00026276057526753387,0.03091510754211389
aws,m5.xlarge - eu-central-1b,871c7e28e1d90a5faead69ee6c87b09f18bc04c6,sys-benchmark,fileio: throughput - read,MiB/s,40.70205096588574,30.36,50.303333333333335,3.666249807898399,176.9654389821119,0.09007530875953282,-0.036560904749025604,-0.03107459658142482,-0.015531794459337273,-0.00030817209747933174,0.03470950011921502
aws,a1.large - eu-central-1a,96097006f73de91de5d6d52b169b3c0122d8cc40,nench-benchmark,net speed - Softlayer DAL (US),MiB/s,8.842552404438964,0.4000000000000001,10.546666666666667,2.1978645562236445,151.9338901106351,0.24855544595023446,-0.08592863243631356,-0.08399480780760997,-0.06831795150338295,9.029764498252516e-05,0.08972003445318541
aws,a1.large - eu-central-1b,96097006f73de91de5d6d52b169b3c0122d8cc40,nench-benchmark,net speed - Softlayer DAL (US),MiB/s,9.110049321824908,0.4000000000000001,10.37,1.8017187489281592,156.53005707602935,0.19777266678587446,-0.06439038147365468,-0.06122421560356033,-0.027750135464787898,3.316743773213448e-05,0.08044052481698395
aws,a1.xlarge - eu-central-1b,96097006f73de91de5d6d52b169b3c0122d8cc40,nench-benchmark,net speed - Softlayer DAL (US),MiB/s,8.912092067406494,0.4033333333333333,10.326666666666668,2.199401344977035,76.56436484026197,0.24678844522048146,-0.08063229444837768,-0.07849888796653262,-0.06293887946947761,-9.563770332778296e-05,0.09616231968530564
aws,m5.large - eu-central-1a,96097006f73de91de5d6d52b169b3c0122d8cc40,nench-benchmark,net speed - Softlayer DAL (US),MiB/s,9.150078092889437,0.4033333333333333,10.699999999999998,2.221776648399981,79.56589645990815,0.24281504767992446,-0.08387660286517833,-0.08214589668952506,-0.06994561286084619,0.0005547640199310465,0.10779975977577873
aws,m5.large - eu-central-1b,96097006f73de91de5d6d52b169b3c0122d8cc40,nench-benchmark,net speed - Softlayer DAL (US),MiB/s,9.126808466913277,0.4033333333333333,10.896666666666667,2.3891936549274906,79.3635518862024,0.26177756042420003,-0.0913531067630355,-0.08969803633492411,-0.0822603910307805,0.00028440783997418046,0.11164761815394653
aws,m5.xlarge - eu-central-1b,96097006f73de91de5d6d52b169b3c0122d8cc40,nench-benchmark,net speed - Softlayer DAL (US),MiB/s,9.153201808466914,0.39999999999999997,10.780000000000001,2.4324777365443873,39.796529602030056,0.2657515684068379,-0.09216012721821834,-0.09082084851943822,-0.08263404674361874,0.0005112141150010403,0.11453771427839367
aws,a1.large - eu-central-1a,a9877955225656b989fcfeea050078e6b2639ced,sys-benchmark,threads: avg latency,ms,107.71808055898069,103.40333333333335,134.08666666666667,3.741261075080302,0.15951018153154353,0.03473196937474008,0.012030530772375807,0.010324750323982635,0.0013473748572415064,0.0009651709310408315,0.014494669796251485
aws,a1.large - eu-central-1b,a9877955225656b989fcfeea050078e6b2639ced,sys-benchmark,threads: avg latency,ms,107.32531442663378,103.06,143.05333333333334,3.3836940745750415,0.16009392263125327,0.03152745549968169,0.010234709975170155,0.008146273599830967,0.0005030822319446632,0.0005030822319446632,0.014674973748297748
aws,a1.xlarge - eu-central-1b,a9877955225656b989fcfeea050078e6b2639ced,sys-benchmark,threads: avg latency,ms,60.78367036580354,58.166666666666664,87.53666666666668,3.436307201624575,0.141338376580324,0.056533394264355205,0.016701862929850157,0.016001929319867058,0.005677308961603672,0.004791401303965993,0.022806340880108588
aws,m5.large - eu-central-1a,a9877955225656b989fcfeea050078e6b2639ced,sys-benchmark,threads: avg latency,ms,115.56381422112618,107.91666666666667,135.56,2.684810477356946,0.0752454583860853,0.02323227643057611,0.010151885682286184,0.001223579212253613,0.0002133557940370387,0.0,0.013917368439262013
aws,m5.large - eu-central-1b,a9877955225656b989fcfeea050078e6b2639ced,sys-benchmark,threads: avg latency,ms,115.81109741060419,109.62333333333333,136.79999999999998,3.022767727405881,0.0750847921169671,0.02610084693946698,0.011085990087151379,0.002912467673274169,0.00036680272002245393,0.0,0.015014636990824386
aws,m5.xlarge - eu-central-1b,a9877955225656b989fcfeea050078e6b2639ced,sys-benchmark,threads: avg latency,ms,66.18048910809699,59.19333333333333,72.59333333333335,1.7259043216691123,0.06569649371818526,0.02607874835814643,0.011236745098875647,0.002467117512637985,0.0,0.0,0.014753620277378802
aws,a1.large - eu-central-1a,b08b0f666899016c90c3eb06dc2dc78c86db05fe,nench-benchmark,net speed - Cachefly CDN,MiB/s,101.99648581997533,69.74333333333334,126.0,9.445582271047845,1752.5169384875487,0.09260693831863363,-0.03796907223323874,-0.034846114050490054,-0.02499552318872933,-0.0006908403119079579,0.043158162638270006
aws,a1.large - eu-central-1b,b08b0f666899016c90c3eb06dc2dc78c86db05fe,nench-benchmark,net speed - Cachefly CDN,MiB/s,102.97653514180024,65.49666666666667,147.27666666666667,9.399173917191627,1769.3562739140934,0.09127490941745926,-0.03687023153363652,-0.032920383468609385,-0.0245888627376493,-0.0017089267101946372,0.04306033727608302
aws,a1.xlarge - eu-central-1b,b08b0f666899016c90c3eb06dc2dc78c86db05fe,nench-benchmark,net speed - Cachefly CDN,MiB/s,103.46963419646526,58.96,125.45,9.680449631340746,888.9143831311449,0.09355836334513155,-0.03793780874042989,-0.03449120390769024,-0.024111634499358582,-0.0009171724844427521,0.044216551332352395
aws,m5.large - eu-central-1a,b08b0f666899016c90c3eb06dc2dc78c86db05fe,nench-benchmark,net speed - Cachefly CDN,MiB/s,98.78334977394164,30.14,118.81,8.703617287183505,858.9856502081881,0.08810814076563599,-0.035195060207817534,-0.03173598405222236,-0.021747277131516272,-0.00012309609260584362,0.04150016095306734
aws,m5.large - eu-central-1b,b08b0f666899016c90c3eb06dc2dc78c86db05fe,nench-benchmark,net speed - Cachefly CDN,MiB/s,99.13426017262638,59.580000000000005,127.10666666666667,8.68238877949911,862.0370449793598,0.08758212109900376,-0.035098509812918115,-0.031384331309620955,-0.022035972917979357,-0.00026190340274195287,0.042643387057476105
aws,m5.xlarge - eu-central-1b,b08b0f666899016c90c3eb06dc2dc78c86db05fe,nench-benchmark,net speed - Cachefly CDN,MiB/s,99.22670982326346,63.19,118.14333333333333,8.578609802699342,431.42047749244983,0.08645464329089451,-0.035234292885677726,-0.03185781896037235,-0.0230129822660081,6.395584445077418e-05,0.04011841274525197
aws,m5.large - eu-central-1a,c0e258974e33e7600e1c07c98746943176e8ff1c,nench-benchmark,ioping: sequential read speed,MiB/s,151.79363411619283,146.5666666666667,153.63333333333333,0.628609756287103,1319.9446444886332,0.0041412129036051916,-0.0015217025991834017,3.7483456603744735e-06,3.7483456603744735e-06,3.7483456603744735e-06,0.0020931268305821246
aws,m5.large - eu-central-1b,c0e258974e33e7600e1c07c98746943176e8ff1c,nench-benchmark,ioping: sequential read speed,MiB/s,151.76934487021015,145.26666666666668,153.86666666666665,0.6911070517383281,1319.7334336540011,0.004553666963044137,-0.0014712363719184233,-7.926428306171689e-07,-7.926428306171689e-07,-7.926428306171689e-07,0.002382625848745829
aws,m5.xlarge - eu-central-1b,c0e258974e33e7600e1c07c98746943176e8ff1c,nench-benchmark,ioping: sequential read speed,MiB/s,151.51427688504327,130.20000000000002,157.93333333333334,1.5588641820894096,658.7577255871446,0.010288562993124068,-0.003423335358037443,-1.9496476910314813e-08,-1.9496476910314813e-08,-1.9496476910314813e-08,0.005256695476220333
aws,a1.large - eu-central-1a,c5f1a6b81b73cea76082bc1c2fa0af1b06c4733e,sys-benchmark,fileio: throughput - write,MiB/s,27.123173037402385,23.643333333333334,28.453333333333333,0.6651712561906478,466.03390098629524,0.02452409440714728,-0.009548377173706905,5.220723778039063e-06,5.220723778039063e-06,5.220723778039063e-06,0.015293719585966302
aws,a1.large - eu-central-1b,c5f1a6b81b73cea76082bc1c2fa0af1b06c4733e,sys-benchmark,fileio: throughput - write,MiB/s,26.172831894780106,20.496666666666666,30.22666666666667,1.278696908541759,449.7050153742286,0.04885588665691088,-0.01702934207478961,-0.006846852445721074,-0.00264302051709014,-9.995592164545174e-06,0.01817454294886479
aws,a1.xlarge - eu-central-1b,c5f1a6b81b73cea76082bc1c2fa0af1b06c4733e,sys-benchmark,fileio: throughput - write,MiB/s,28.743304562268804,23.22666666666667,31.123333333333335,1.6723163376967836,246.93560620505843,0.05818107427675609,-0.024391463642020505,-0.00972454802773906,0.00011711176307549079,0.00011711176307549079,0.014715691451589649
aws,m5.large - eu-central-1a,c5f1a6b81b73cea76082bc1c2fa0af1b06c4733e,sys-benchmark,fileio: throughput - write,MiB/s,28.80678586107686,24.333333333333332,30.55,0.9232232850510623,250.4937900963205,0.03204881271737097,-0.012878900008508233,-0.001195561423932394,3.567510086017435e-05,3.567510086017435e-05,0.01673657354087387
aws,m5.large - eu-central-1b,c5f1a6b81b73cea76082bc1c2fa0af1b06c4733e,sys-benchmark,fileio: throughput - write,MiB/s,27.57919441019318,20.566666666666666,33.15,1.9007007827246762,239.81908182776675,0.06891792249095512,-0.02427476981682759,-0.014291482589972438,-0.008745387074308062,-0.0002628880211476673,0.030909953522485073
aws,m5.xlarge - eu-central-1b,c5f1a6b81b73cea76082bc1c2fa0af1b06c4733e,sys-benchmark,fileio: throughput - write,MiB/s,27.134730785039046,20.24,33.53666666666667,2.4441991668748115,117.97709036973498,0.09007641115873685,-0.036561909966579265,-0.031075986728796162,-0.01565475077804875,-0.0003082699971790734,0.03470959943815082
aws,a1.large - eu-central-1a,cbadb796cb57922b59801d6993b79d8ce3bcf674,dd,speed,MB/s,48.304118372379776,19.939999999999998,58.620000000000005,6.734028149394304,829.9676696285185,0.13940898574074403,-0.05721304003327469,-0.054753466756858785,-0.036052776743790024,-0.00012129692207097685,0.09749244168747002
aws,a1.large - eu-central-1b,cbadb796cb57922b59801d6993b79d8ce3bcf674,dd,speed,MB/s,48.86838471023428,16.279999999999998,62.48,6.872294258489817,839.6629675297986,0.14062863545089888,-0.05615375509618206,-0.05268259514500073,-0.03277644616409821,-0.007555194189495103,0.09796258943924536
aws,a1.xlarge - eu-central-1b,cbadb796cb57922b59801d6993b79d8ce3bcf674,dd,speed,MB/s,50.75824907521579,23.06,59.379999999999995,6.07006908188635,436.0674319176614,0.11958783434179254,-0.05016388142257104,-0.04887674765735686,-0.02458189917048261,4.319814568448018e-05,0.08397211884343533
aws,m5.large - eu-central-1a,cbadb796cb57922b59801d6993b79d8ce3bcf674,dd,speed,MB/s,81.00263871763255,28.48,101.66,11.191087213875743,704.3707714576743,0.1381570698318459,-0.056675470119025274,-0.05290245202806462,-0.039468051711474335,-0.004627309686865508,0.09479451720718059
aws,m5.large - eu-central-1b,cbadb796cb57922b59801d6993b79d8ce3bcf674,dd,speed,MB/s,79.8121578298397,28.28,96.89999999999999,11.286672908258746,694.0187637377365,0.14141545868640767,-0.05745335964526715,-0.05549026976143791,-0.04286378197196246,-0.001158500910135838,0.0980380345342646
aws,m5.xlarge - eu-central-1b,cbadb796cb57922b59801d6993b79d8ce3bcf674,dd,speed,MB/s,83.37003699136868,51.82000000000001,103.05999999999999,10.256113834503022,362.47842170160294,0.12301918296575591,-0.04913654062262921,-0.044930329560366744,-0.033961366474409664,-0.006135927434414223,0.07932445493935177
aws,a1.large - eu-central-1a,cd6051f39616e101ee3586810d90aabc4703711b,sys-benchmark,cpu: events per second,events/s,36659.90520756268,30895.920000000002,37311.01,866.3635816267658,629895.2784804584,0.023632455586602038,-0.007378427658526836,8.968474378678289e-05,8.968474378678289e-05,8.968474378678289e-05,0.01776377014826287
aws,a1.large - eu-central-1b,cd6051f39616e101ee3586810d90aabc4703711b,sys-benchmark,cpu: events per second,events/s,36694.942992190714,31110.993333333336,37251.52333333334,661.6522007451279,630497.302271318,0.01803115488927012,-0.0066367280424317636,8.721817832777837e-05,8.721817832777837e-05,8.721817832777837e-05,0.013728370195598265
aws,a1.xlarge - eu-central-1b,cd6051f39616e101ee3586810d90aabc4703711b,sys-benchmark,cpu: events per second,events/s,73884.40184545828,68234.68666666666,74785.92666666665,699.8776420638708,634745.7203218065,0.009472603480336529,-0.003225434386830348,7.495410086427604e-06,7.495410086427604e-06,7.495410086427604e-06,0.006763836481596405
aws,m5.large - eu-central-1a,cd6051f39616e101ee3586810d90aabc4703711b,sys-benchmark,cpu: events per second,events/s,14762.485117139335,12463.176666666666,16459.423333333336,216.71992877749938,128369.4358012116,0.014680450280412897,-0.00501026579820141,-0.00015080895541103026,-0.00015080895541103026,-9.071150234801892e-06,0.010274453125819497
aws,m5.large - eu-central-1b,cd6051f39616e101ee3586810d90aabc4703711b,sys-benchmark,cpu: events per second,events/s,14750.268462803124,12915.683333333334,15231.4,187.4372671874328,128263.20402437498,0.012707380049394196,-0.004977195890358567,1.6017748224641824e-05,1.6017748224641824e-05,1.6017748224641824e-05,0.00893289565081717
aws,m5.xlarge - eu-central-1b,cd6051f39616e101ee3586810d90aabc4703711b,sys-benchmark,cpu: events per second,events/s,29581.970937114675,28690.306666666667,32898.706666666665,272.01823171256666,128617.26494397684,0.009195405954891335,-0.002290467979186631,-0.0002761878682018004,-0.0002761878682018004,-9.653033961445383e-06,0.00642871533967899
aws,a1.large - eu-central-1a,e9657314c54bc9cc01cbe5d4e606c6d882c1d559,nench-benchmark,cpu - AES,seconds,1.3060106863953966,1.1243333333333332,1.563,0.04199673899166833,13.156194480778181,0.032156504865652955,0.01110004994218086,0.010814585447309859,0.0005192419703018539,0.0,0.011456835774371881
aws,a1.large - eu-central-1b,e9657314c54bc9cc01cbe5d4e606c6d882c1d559,nench-benchmark,cpu - AES,seconds,1.302219893136046,1.2506666666666666,1.4479999999999997,0.03668794382941441,13.19449247762135,0.028173386094618304,0.009091283409665234,0.008944706193729194,0.0003869647996751525,0.0,0.0069675754770159295
aws,a1.xlarge - eu-central-1b,e9657314c54bc9cc01cbe5d4e606c6d882c1d559,nench-benchmark,cpu - AES,seconds,1.3291648170982326,1.1306666666666667,1.9463333333333332,0.11877061309797775,6.4635063925719995,0.08935732541978647,0.02553050554263515,0.023111497813502524,0.019664754810171783,0.019265847035801167,0.04521357367925785
aws,m5.large - eu-central-1a,e9657314c54bc9cc01cbe5d4e606c6d882c1d559,nench-benchmark,cpu - AES,seconds,1.0336157007809288,0.936,1.4536666666666667,0.028546174759031786,8.412848380053832,0.02761778360899923,0.006560727776276061,0.0019195052035934244,0.0017770256236868851,0.001486651390606382,0.018516900668830216
aws,m5.large - eu-central-1b,e9657314c54bc9cc01cbe5d4e606c6d882c1d559,nench-benchmark,cpu - AES,seconds,1.0323131935881626,0.9876666666666667,1.4716666666666667,0.027089568549635727,8.423463177573355,0.026241618065033667,0.006221912654515566,0.001991737339788173,0.001913675939035546,0.0010965764928052488,0.017438269296419028
aws,m5.xlarge - eu-central-1b,e9657314c54bc9cc01cbe5d4e606c6d882c1d559,nench-benchmark,cpu - AES,seconds,0.9766506370735717,0.8736666666666667,1.4613333333333334,0.035871251111651695,4.451772130087698,0.036728846273152524,0.00929268982107036,0.0034061745590692302,0.00289050194628053,0.002286954392090713,0.023865207491400458
aws,a1.large - eu-central-1a,eb556387684749126951d10bf3530e6636d9a25e,nench-benchmark,dd: avg sequential write speed,MiB/s,132.62519934237568,125.24666666666667,133.62,0.47691943928884045,2278.7834938552523,0.003595994137265419,-0.0007431873422106024,-1.3772342663143567e-06,-1.3772342663143567e-06,-1.3772342663143567e-06,0.0024860455429916175
aws,a1.large - eu-central-1b,eb556387684749126951d10bf3530e6636d9a25e,nench-benchmark,dd: avg sequential write speed,MiB/s,132.65247020139745,130.86666666666667,133.51666666666665,0.25246563613799244,2279.2520653161073,0.0019032109673848563,-0.000652707979931091,3.4829707842823085e-07,3.4829707842823085e-07,3.4829707842823085e-07,0.0012131938116408992
aws,a1.xlarge - eu-central-1b,eb556387684749126951d10bf3530e6636d9a25e,nench-benchmark,dd: avg sequential write speed,MiB/s,123.53258939580765,114.75999999999999,125.67333333333333,1.4421187288295836,1061.2765412010965,0.011673994173383086,-0.003591080346804043,2.887250004347077e-05,2.887250004347077e-05,2.887250004347077e-05,0.005675248605936543
aws,m5.large - eu-central-1a,eb556387684749126951d10bf3530e6636d9a25e,nench-benchmark,dd: avg sequential write speed,MiB/s,129.0566461159063,125.67,132.02666666666667,0.26591945130810474,1122.2317053557067,0.0020604863004829786,-0.0001913314095966348,5.525372513534053e-06,5.525372513534053e-06,5.525372513534053e-06,0.001504913214206096
aws,m5.large - eu-central-1b,eb556387684749126951d10bf3530e6636d9a25e,nench-benchmark,dd: avg sequential write speed,MiB/s,129.0614180024661,127.68333333333334,132.24,0.20948255005047145,1122.2732000214444,0.0016231229541152931,-0.00013646773016535744,-4.959961885799079e-07,-4.959961885799079e-07,-4.959961885799079e-07,0.0011600062670163037
aws,m5.xlarge - eu-central-1b,eb556387684749126951d10bf3530e6636d9a25e,nench-benchmark,dd: avg sequential write speed,MiB/s,129.07099876695438,125.99000000000001,131.1833333333333,0.198268990146961,561.1782555084973,0.0015361234672472618,-0.0001730033587051709,1.0507380908372923e-07,1.0507380908372923e-07,1.0507380908372923e-07,0.0010824485634529236
